track_name,artist(s)_name,artist_count,in_spotify_playlists,in_spotify_charts,streams,in_apple_playlists,in_apple_charts,in_deezer_playlists,in_deezer_charts,in_shazam_charts,key,release_date
"(It Goes Like) Nanana  Edit","PEGGY GOU",1,2259,59,57876440,0,0,109,17,0,G,2023-06-15
"10 Things I Hate About You","LEAH KATE",1,1301,0,185550869,23,1,15,0,0,G#,2022-03-23
1035,"TISTO, TATE M",2,4942,26,325592432,190,104,147,18,63,G#,2022-11-01
"2 Be Loved (Am I Ready)",LIZZO,1,3682,6,247689123,41,0,158,2,68,G,2022-07-14
2055,"SLEEPY HALLOW",1,2226,0,624515457,29,0,44,0,0,F#,2021-04-14
212,"MAINSTREET, CHEFIN",2,352,0,143139338,10,0,39,0,0,D,2022-01-15
"25k jacket (feat Lil Baby)","GUNNA, LIL BABY",2,620,0,54937991,17,3,3,0,0,F,2022-01-07
295,"SIDHU MOOSE WALA",1,246,4,183273246,4,106,0,0,7,B,2021-05-15
505,"ARCTIC MONKEYS",1,13985,25,1217120710,30,80,588,1,1,NULL,2007-04-20
69,"NICKY JAM, FEID",2,1134,22,57945987,39,14,48,2,3,G#,2023-05-18
"A Holly Jolly Christmas  Single Version","BURL IVES",1,7930,0,395591396,108,120,73,0,0,NULL,1952-01-01
"A Tale By Quincy","THE WEEKND",1,733,0,41924466,0,2,2,0,0,F,2022-01-07
"A Tu Merced","BAD BUNNY",1,4214,11,685071800,21,20,40,0,0,NULL,2020-02-29
"A Veces (feat Feid)","FEID, PAULO LONDRA",2,573,0,73513683,2,0,7,0,0,C#,2022-11-03
Abcdario,"JUNIOR H, EDEN MU",2,262,5,89933133,8,60,4,1,109,G#,2023-05-13
"About Damn Time",LIZZO,1,9021,0,723894473,242,49,272,21,24,A#,2022-04-14
Acapulco,"JASON DERULO",1,3098,0,363467642,111,5,182,1,0,A#,2021-09-01
Acrs,SHAKIRA,1,955,29,123124076,37,50,79,11,31,B,2023-05-11
"Adore You","HARRY STYLES",1,13454,1,1439191367,246,71,519,2,5,G#,2019-12-06
"Afraid To Feel","LF SYSTEM",1,5898,5,244790012,129,55,128,0,101,C#,2022-05-02
"After Dark",MRKITTY,1,1776,14,646886885,1,9,3,0,0,G#,2014-08-08
"After Hours","THE WEEKND",1,8084,6,698086140,45,115,218,1,221,F,2020-02-19
"After LIKE",IVE,1,767,12,265548837,20,129,11,0,12,NULL,2022-08-22
Agosto,"BAD BUNNY",1,897,0,246127838,6,20,8,0,0,C#,2022-05-06
Aguacero,"BAD BUNNY",1,829,0,283359161,4,15,10,0,0,F#,2022-05-06
"Agudo Mgi","STYRX, UTKU INC, THEZTH",3,323,0,90598517,4,0,14,0,0,F#,1930-01-01
"Ai Preto","L7NNON, DJ BIEL DO FURDUNCINHO, BIANCA",3,894,4,176103902,28,0,54,0,0,F#,2022-06-03
"Aint Shit","DOJA CAT",1,3436,0,499710590,32,6,46,0,1,D#,2021-06-25
"Aint Tha","MORGAN WALLEN",1,356,4,88791109,4,20,0,0,0,F#,2023-03-03
"Alien Blues",VUNDABAR,1,1930,0,370068639,3,0,28,0,1,D#,2015-07-24
"ALIEN SUPERSTAR",BEYONC,1,2688,0,171788484,39,47,36,0,0,A#,2022-07-29
"All For Us  from the HBO Original Series Euphoria","LABRINTH, ZENDAYA",2,5342,0,426204830,33,123,7,0,4,D#,2019-08-04
"All My Life (feat J Cole)","J COLE, LIL DURK",2,2175,23,144565150,69,145,69,2,478,D#,2023-05-12
"All Of The Girls You Loved Before","TAYLOR SWIFT",1,1282,6,185240616,26,6,19,0,5,D,2019-08-23
"All The Way Live (SpiderMan Across the SpiderVerse) (Metro Boomin  Future Lil Uzi Vert)","FUTURE, LIL UZI VERT, METRO BOOMIN",3,259,0,37126685,5,17,5,0,0,A,2023-06-02
"All Too Well (10 Minute Version) (Taylors Version) (From The Vault)","TAYLOR SWIFT",1,4635,5,583687007,50,49,30,1,2,NULL,2021-11-12
Alone,"BURNA BOY",1,782,2,96007391,27,18,32,1,0,E,2022-11-04
"Am I Dreaming (Metro Boomin  AAP Rocky Roisee)","AAP ROCKY, METRO BOOMIN, ROISEE",3,727,16,94186466,17,60,28,1,44,A,2023-06-02
"AM Remix","J BALVIN, NIO GARCIA, BAD BUNNY",3,6556,0,528544703,93,5,67,1,0,F#,2021-06-24
AMARGURA,"KAROL G",1,1133,39,153372011,14,71,23,10,176,F#,2023-02-24
"AMERICA HAS A PROBLEM (feat Kendrick Lamar)","KENDRICK LAMAR, BEYONC",2,896,0,57089066,34,2,33,0,1,C#,2023-05-19
AMG,"NATANAEL CANO, GABITO BALLESTEROS, PESO PLUMA",3,995,19,463564958,12,117,9,5,3,B,2022-11-24
Andrea,"BUSCABULLA, BAD BUNNY",2,1195,0,344055883,8,30,13,1,1,C#,2022-05-06
"Angel Baby","TROYE SIVAN",1,1959,9,408843328,52,25,32,0,10,B,2021-09-09
"Angel Pt 1 (feat Jimin of BTS JVKE  Muni Long)","KODAK BLACK, NLE CHOPPA, MUNI LONG, JVKE, JIMIN",5,577,14,133753727,22,18,15,1,0,A#,2023-05-01
"Angels Like You","MILEY CYRUS",1,3372,19,570515054,65,48,138,1,102,F,2020-11-27
"Annihilate (SpiderMan Across the SpiderVerse) (Metro Boomin  Swae Lee Lil Wayne Offset)","SWAE LEE, LIL WAYNE, OFFSET, METRO BOOMIN",4,551,4,86773632,13,46,20,1,10,B,2023-06-02
"Antes de Perderte",DUKI,1,584,8,157136970,12,1,8,0,1,F,2022-06-02
AntiHero,"TAYLOR SWIFT",1,9082,56,999748277,242,142,165,9,310,E,2022-10-21
Antidepresan,"MABEL MATIZ, MERT DEMIR",2,313,2,136689549,10,6,7,1,9,B,2022-11-04
ANTIFRAGILE,"LE SSERAFIM",1,761,12,301051721,23,95,11,0,3,A#,2022-10-17
"Apna Bana Le (From Bhediya)","ARIJIT SINGH, SACHINJIGAR",2,86,0,139836056,11,101,0,0,48,A,2022-11-05
Apocalypse,"CIGARETTES AFTER SEX",1,13091,17,841749534,61,96,790,2,116,F,2017-03-21
"Arcngel Bzrp Music Sessions Vol","ARCANGEL, BIZARRAP",2,654,3,100409613,11,3,18,1,1,B,2023-03-22
"Area Codes","KALIII, KALIII",2,1197,13,113509496,44,34,25,1,171,C#,2023-03-17
"Astronaut In The Ocean","MASKED WOLF",1,7191,0,1138474110,146,18,478,0,7,E,2019-01-01
Atlantis,SEAFRET,1,3045,6,571386359,43,53,134,1,32,G#,2015-04-22
Attention,NEWJEANS,1,799,12,264717480,14,141,9,0,1,A#,2022-08-01
august,"TAYLOR SWIFT",1,7324,22,607123776,25,81,61,1,44,F,2020-07-24
"Auntie Diaries","KENDRICK LAMAR",1,1545,0,37778188,1,0,4,0,0,G,2022-05-13
"BOTA (Baddest Of Them All)  Edit","INTERPLANETARY CRIMINAL, ELIZA ROSE",2,5153,6,244585109,102,53,113,12,0,NULL,2022-06-15
"Baby Dont Hurt Me","DAVID GUETTA, ANNEMARIE, COI LERAY",3,4277,66,177740666,145,111,213,11,810,G,2023-04-06
"BABY HELLO","RAUW ALEJANDRO, BIZARRAP",2,1004,35,54266102,42,80,58,3,169,C#,2023-06-23
"BABY OTAKU","FRAN C, POLIMA WESTCOAST, NICKOOG CLK, PABLITO PESADILLA",4,836,0,159240673,14,1,13,0,0,A,2022-08-18
"Back To December (Taylors Version)","TAYLOR SWIFT",1,139,17,39228929,16,72,5,0,8,D,2023-07-07
BackOutsideBoyz,DRAKE,1,1045,0,93367537,8,5,2,0,0,F,2022-11-04
"Bad Decisions (with BTS  Snoop Dogg)","SNOOP DOGG, BTS, BENNY BLANCO",3,1456,0,219196651,53,2,33,0,0,NULL,2022-08-05
"Bad Habit","STEVE LACY",1,8186,12,822633917,155,72,131,16,29,C#,2022-06-29
"Baile no Morro","MC VITIN DA IGREJINHA, MC TAIRON, DJ WIN",3,685,2,129314708,17,0,24,0,30,D#,2022-06-10
"Bam Bam (feat Ed Sheeran)","CAMILA CABELLO, ED SHEERAN",2,6111,4,756907987,185,40,492,9,35,G#,2022-03-04
"Bamba (feat Aitch  BIA)","LUCIANO, AITCH, B",3,869,7,146223492,14,12,12,2,28,A#,2022-09-22
Bar,"TINI, LGANTE",2,755,4,200972675,22,3,0,0,0,C#,2021-11-11
"Beautiful Girl",LUCIANO,1,710,4,160035717,16,11,18,0,0,B,2022-04-22
"Bebe Dame","FUERZA REGIDA, GRUPO FRONTERA",2,849,22,367316268,27,129,21,7,111,G,2022-12-16
"Before You Go","LEWIS CAPALDI",1,8327,24,1608045237,205,130,625,0,25,D#,2019-11-01
Beggin,MNE,1,8559,0,1367810478,183,64,964,9,75,B,2017-12-08
Bejeweled,"TAYLOR SWIFT",1,2699,0,328207708,39,35,22,2,0,G,2022-10-21
"Belly Dancer","BYOR, IMANBEK",2,5115,13,383835984,109,38,301,1,33,C#,2022-02-18
"Besharam Rang (From Pathaan)","VISHALSHEKHAR, SHILPA RAO, CARALISA MONTEIRO, KUMAAR, VISHAL DADLANI, SHEKHAR RAVJIANI",6,130,4,140187018,21,79,2,0,0,G#,2022-12-12
BESO,"RAUW ALEJANDRO, ROSAL",2,4053,50,357925728,82,121,182,12,171,F,2023-03-24
"Besos Moja2","WISIN  YANDEL, ROSAL",2,2460,13,309483971,53,7,56,3,1,F,2022-09-29
"Best Friends","THE WEEKND",1,1292,0,101114984,3,18,14,0,0,E,2022-01-07
"Better Days (NEIKED x Mae Muller x Polo G)","NEIKED, MAE MULLER, POLO G",3,4091,0,421040617,105,2,73,13,1,NULL,2021-09-24
"Better Than Revenge (Taylors Version)","TAYLOR SWIFT",1,86,11,30343206,3,33,3,0,1,B,2023-07-07
"Betty (Get Money)","YUNG GRAVY",1,2402,0,221752937,45,2,26,0,1,C#,2022-06-10
"Bigger Than The Whole Sky","TAYLOR SWIFT",1,1180,0,121871870,4,0,8,0,0,F#,2022-10-21
"BILLIE EILISH","ARMANI WHITE",1,2537,0,277132266,49,1,67,11,1,C#,2022-01-20
"Bite Me",ENHYPEN,1,349,69,76767396,8,96,5,0,56,C#,2023-05-22
"Blank Space","TAYLOR SWIFT",1,11434,53,1355959075,154,123,410,2,81,F,2014-01-01
BlessedCursed,ENHYPEN,1,246,0,77337771,2,12,10,0,0,E,2022-01-10
Blind,SZA,1,1484,0,163284000,22,51,12,0,0,A,2022-12-09
"Bloody Mary","LADY GAGA",1,3909,0,372476382,66,26,277,3,734,A,2011-01-01
"Bombonzinho  Ao Vivo","ISRAEL  RODOLFFO, ANA CASTELA",2,1254,6,263453310,26,69,73,2,6,C#,2022-11-03
Bones,"IMAGINE DRAGONS",1,4198,44,838079900,98,108,327,17,153,F,2021-03-11
Bored,"BILLIE EILISH",1,4204,0,777765388,39,45,250,0,0,G,2017-03-30
"Born Singer",BTS,1,279,0,79095270,0,18,6,0,0,G#,2022-06-10
"Born With A Beer In My Hand","MORGAN WALLEN",1,203,0,34450974,5,9,0,0,0,NULL,2023-03-03
"Bound 2","KANYE WEST",1,19806,7,703301727,33,11,274,0,0,C#,2013-01-01
"Boy With Luv (feat Halsey)","HALSEY, BTS",2,4260,0,1065580332,113,92,259,0,1,B,2019-04-12
"Boys a liar",PINKPANTHERESS,1,1225,0,156338624,27,0,28,13,0,F,2022-11-30
"Boys a liar Pt 2","PINKPANTHERESS, ICE SPICE",2,5184,41,156338624,154,84,102,14,37,F,2023-02-03
Boyfriend,"DOVE CAMERON",1,3766,0,496311364,76,0,102,0,2,G,2022-02-11
Boyfriends,"HARRY STYLES",1,1517,0,137070925,26,2,30,0,0,NULL,2022-05-20
"BREAK MY SOUL",BEYONC,1,9724,0,354614964,222,61,259,14,2,C#,2022-06-21
Brividi,"MAHMOOD, BLANCO",2,1175,0,135079152,34,1,31,0,0,G,2022-02-02
"Broke Boys","DRAKE, 21 SAVAGE",2,1060,0,106249219,3,8,5,0,0,D,2022-11-04
Bussin,"NICKI MINAJ, LIL BABY",2,847,0,64714573,25,0,14,0,0,B,2022-02-11
Butter,BTS,1,4779,6,1143647827,180,135,223,0,5,G#,2021-05-21
Bye,"PESO PLUMA",1,324,14,95053634,13,110,8,2,60,NULL,2023-05-26
"Bye Bye","MARSHMELLO, JUICE WRLD",2,766,0,84697729,16,0,9,0,0,D#,2022-10-14
Caile,"LUAR LA L",1,1494,2,273914335,17,12,15,0,0,NULL,2020-12-18
CAIRO,"KAROL G, OVY ON THE DRUMS",2,2418,26,294352144,52,66,55,1,16,F,2022-11-13
"California Breeze","LIL BABY",1,991,0,85559365,36,38,13,0,3,F,2022-10-14
"Call Out My Name","THE WEEKND",1,11087,6,1449799467,151,107,801,1,105,C#,2018-03-29
Callaita,"BAD BUNNY, TAINY",2,9539,15,1304313953,162,116,355,7,0,D,2019-05-31
"Calling (SpiderMan Across the SpiderVerse) (Metro Boomin  Swae Lee NAV feat A Boogie Wit da Hoodie)","SWAE LEE, A BOOGIE WIT DA HOODIE, METRO BOOMIN, NAV",4,1051,16,109276132,31,37,31,0,189,NULL,2023-06-02
"Calm Down (with Selena Gomez)","RMA, SELENA G",2,7112,77,899183384,202,119,318,38,96,B,2022-03-25
"Cars Outside","JAMES ARTHUR",1,794,10,265882712,38,25,61,0,263,A,2019-10-18
cardigan,"TAYLOR SWIFT",1,7923,29,812019557,106,112,142,4,215,NULL,2020-07-24
"Carto B","MC CAVERINHA, KAYBLACK",2,269,4,71573339,7,2,30,1,11,A,2023-05-11
"Casei Com a Putaria","MC RYAN SP, LOVE FUNK, MC PAIVA ZS",3,648,4,187701588,0,0,30,0,0,A#,2022-07-01
"Cash In Cash Out","PHARRELL WILLIAMS, TYLER, THE CREATOR, 21 SAVAGE",4,2313,0,136676504,34,0,29,0,0,G,2022-06-10
"Cay La Noche (feat Cruz Cafun Abhir Hathi Bejo EL IMA)","QUEVEDO, LA PANTERA, JUSEPH, CRUZ CAFUN, BJO, ABHIR HATHI",7,1034,1,245400167,19,5,12,0,0,F,2022-01-14
ceilings,"LIZZY MCALPINE",1,3242,9,293186992,67,55,48,0,6,A,2022-04-08
Celestial,"ED SHEERAN",1,1639,0,176474912,86,14,80,0,37,D,2022-09-29
"Ch y la Pizza","FUERZA REGIDA, NATANAEL CANO",2,536,10,288101651,10,72,8,3,14,G#,2022-12-01
Chale,"EDEN MU",1,695,11,299648208,16,41,13,1,1,G#,2022-02-18
Chance,"PAULO LONDRA",1,225,0,89566512,11,0,7,0,0,C#,2022-04-06
Chanel,"BECKY G, PESO PLUMA",2,681,10,161460990,15,92,21,2,26,D,2023-03-30
Chemical,"POST MALONE",1,2528,39,172825906,56,91,59,3,486,D,2023-04-14
Cheques,SHUBH,1,67,8,47956378,7,10,0,0,57,E,2023-05-19
"CHORRITO PA LAS ANIMAS",FEID,1,2321,36,345031710,29,65,34,5,3,G#,2022-12-02
"Christmas (Baby Please Come Home)","DARLENE LOVE",1,9122,0,242767149,121,58,212,0,0,D#,1963-11-22
"Christmas Tree",V,1,509,9,317622165,8,106,6,0,8,F,2021-12-24
C,"RAUW ALEJANDRO",1,2636,3,465959382,36,82,39,0,5,A,2021-06-25
"cmo dormi","RELS B",1,1452,35,331511413,16,15,20,0,0,C#,2022-08-04
Cigarettes,"JUICE WRLD",1,975,0,185408548,11,0,10,0,0,D,2021-12-10
Cinema,"HARRY STYLES",1,2171,0,189236868,18,1,28,0,0,A,2022-05-20
Circles,"POST MALONE",1,19664,16,2132335812,391,73,633,3,37,NULL,2019-08-30
"Circo Loco","DRAKE, 21 SAVAGE",2,1794,0,141720999,26,9,17,0,3,C#,2022-11-04
"City of Gods","KANYE WEST, ALICIA KEYS, FIVIO FOREIGN",3,2096,0,107255472,34,3,30,0,0,G#,2022-02-11
"Classy 101","FEID, YOUNG MIKO",2,2610,40,335222234,43,100,54,14,187,B,2023-03-31
"Coco Chanel","BAD BUNNY, ELADIO CARRION",2,1962,38,250305248,28,89,29,5,82,D,2023-03-17
Columbia,QUEVEDO,1,714,43,58149378,25,89,30,13,194,F,2023-07-07
"Come Back Home  From Purple Hearts","SOFIA CARSON",1,367,0,97610446,28,67,195,0,0,G,2022-07-12
"Con La Brisa","LUDWIG GORANSSON, FOUDEQUSH",2,486,0,71095708,8,1,7,0,0,D,2022-11-04
Conceited,SZA,1,899,0,56870689,2,14,2,0,0,C#,2022-12-09
"Conexes de Mfia (feat Rich","RICH THE KID, MATU",2,385,4,77233241,17,7,41,1,29,F#,2023-04-30
Contection,"GODZZ, ZAKARIA",2,6955,0,1180896317,65,45,398,0,1,A#,2020-01-16
"Cool for the Summer","DEMI LOVATO",1,9243,0,677389855,155,5,577,0,6,F,2015-01-01
"Cooped Up (with Roddy Ricch)","POST MALONE, RODDY RICCH",2,2942,0,271666301,42,28,43,0,0,NULL,2022-05-12
"CORAZN VA","MARIA BECERRA",1,370,20,43857627,12,16,18,4,93,C#,2023-06-22
"Count Me Out","KENDRICK LAMAR",1,2729,0,126191104,3,7,13,0,1,G,2022-05-13
"Crazy What Love Can Do","DAVID GUETTA, ELLA HENDERSON, BECKY HILL",3,5290,0,286739476,139,73,142,0,5,E,2022-03-18
Creepin,"THE WEEKND, 21 SAVAGE, METRO BOOMIN",3,6036,88,843957510,113,149,245,23,27,C#,2022-12-02
Crown,"KENDRICK LAMAR",1,1493,0,42485571,2,0,10,0,0,C#,2022-05-13
"Cruel Summer","TAYLOR SWIFT",1,7858,100,800840817,116,207,125,12,548,A,2019-08-23
"CUFF IT",BEYONC,1,7842,10,595900742,215,88,330,26,23,G,2022-07-29
Cupid,"FIFTY FIFTY",1,526,10,139681964,15,93,30,0,320,D,2023-02-24
"Cupid  Twin Ver","FIFTY FIFTY",1,2942,77,496795686,91,212,78,6,0,B,2023-02-24
"Cupid  Twin Ver (FIFTY FIFTY)  Spe","SPED UP 8282",1,472,2,103762518,0,0,6,0,0,F,1997-01-01
Cupido,TINI,1,1240,24,217672943,51,29,63,4,54,A,2023-02-14
Curtains,"ED SHEERAN",1,715,0,39893489,37,3,27,0,50,F#,2023-05-05
"Daddy Issues","THE NEIGHBOURHOOD",1,9771,4,1127468248,42,70,384,0,3,A#,2015-10-30
Dakiti,"BAD BUNNY, JHAY CORTEZ",2,11215,21,1763363713,189,166,525,9,25,E,2020-10-30
"DANCE CRIP",TRUENO,1,731,0,198883004,14,14,24,0,4,NULL,2021-11-17
"Dance The Night (From Barbie The Album)","DUA LIPA",1,2988,101,127408954,0,0,143,38,0,B,2023-05-25
Dandelions,"RUTH B",1,3423,21,1116995633,41,100,59,1,32,C#,2017-04-28
"Danger (Spider) (Offset  JID)","OFFSET, JID",2,214,0,24975653,3,3,6,0,0,B,2023-06-02
DANA,"MC PEDRINHO, PEDRO SAMPAIO",2,911,2,208166039,45,0,99,1,1,A,2022-02-01
"Danza Kuduro","DON OMAR, LUCENZO",2,17138,37,1279434863,119,81,974,1,503,NULL,2010-01-01
DARARI,TREASURE,1,328,0,182978249,10,21,7,0,9,NULL,2022-02-15
"Dark Red","STEVE LACY",1,10431,7,920045682,71,53,181,0,10,F#,2017-02-20
"Dawn FM","THE WEEKND",1,811,0,53933526,1,8,6,0,0,A,2022-01-07
Daydreaming,"HARRY STYLES",1,1900,1,187703102,15,1,23,0,0,E,2022-05-20
Daylight,"HARRY STYLES",1,2775,0,290833204,21,11,40,0,0,NULL,2022-05-20
"Deck The Hall  Remastered 1999","NAT KING COLE",1,3299,0,127027715,65,39,41,0,0,F#,1959-01-01
"deja vu","OLIVIA RODRIGO",1,7545,4,1256880657,117,39,141,0,46,A,2021-04-01
"Demasiadas Mujeres","C TANGANA",1,2226,0,339473453,36,2,11,0,14,A,2020-10-08
Desesperados,"CHENCHO CORLEONE, RAUW ALEJANDRO",2,6821,34,809306935,83,58,128,7,0,C#,2021-06-25
DESPECH,ROSAL,1,7613,33,782369383,180,90,422,15,55,G,2022-07-28
"Despus de la P","BAD BUNNY",1,2229,0,461558540,27,44,24,0,5,F,2022-05-06
"Devil Don","MORGAN WALLEN",1,166,0,32526947,2,10,0,0,0,NULL,2023-03-03
"Di Que Si","GRUPO MARCA REGISTRADA, GRUPO FRONTERA",2,356,10,147290338,4,64,4,2,37,A,2023-02-03
"die first","NESSA BARRETT",1,767,0,131746175,25,0,22,0,0,G#,2022-06-24
"Die For You",JOJI,1,1703,0,246390068,38,45,36,16,0,G#,2022-11-04
"Die For You","THE WEEKND",1,2483,59,1647990401,68,21,24,0,259,C#,2016-11-24
"Die For You  Remix","ARIANA GRANDE, THE WEEKND",2,3408,47,518745108,87,86,74,1,16,C#,2023-02-24
"Die Hard","KENDRICK LAMAR, BLXST, AMANDA REIFER",3,4627,0,237351106,38,13,32,0,0,C#,2022-05-13
"Die Young (feat 347aidan)","SLEEPY HALLOW, 347AIDAN",2,896,0,160845341,19,0,15,0,0,B,2022-05-25
"Dijeron Que No La Iba Lograr","FUERZA REGIDA, CHINO PACAS",2,320,6,116334601,5,48,2,1,9,G,2023-03-14
Ditto,NEWJEANS,1,1154,22,397582059,28,125,11,1,51,F#,2022-12-19
"Do It To It","CHERISH, ACRAZE",2,12403,0,674772936,183,63,465,0,11,B,2021-08-20
"Do They Know Its Christmas?  1984 Version","BAND AID",1,14169,0,481697415,209,30,449,0,0,NULL,1984-11-25
"Do We Have A Problem?","NICKI MINAJ, LIL BABY",2,1064,0,81350745,42,1,26,0,0,C#,2022-02-04
DOGTOOTH,"TYLER, THE CREATOR",2,1479,0,80758350,23,0,18,0,33,G#,2023-03-27
Doja,"CENTRAL CEE",1,4169,44,482257456,57,44,183,1,11,F#,2022-07-20
"Dont Be Shy","TISTO, KAR",2,6026,0,566954746,171,51,187,1,21,B,2021-08-01
"Dont ever say love me (feat RM of BTS)","RM, COLDE",2,105,0,34502215,5,9,5,0,0,B,2023-05-04
"Dont You Worry","DAVID GUETTA, SHAKIRA, BLACK EYED PEAS",3,2442,0,240918092,81,4,248,1,6,B,2022-06-16
"Don’t Blame Me","TAYLOR SWIFT",1,4875,23,685032533,19,45,0,0,10,A,2017-11-08
"Dont Break My","THE WEEKND",1,1184,0,63803529,1,5,6,0,0,A#,2022-01-07
"Dos Mil 16","BAD BUNNY",1,892,3,338422004,10,24,11,0,0,C#,2022-05-06
"Dos Oruguitas","SEBASTIAN YATRA",1,925,0,167076418,24,47,74,0,0,NULL,2021-11-19
"Double Fantasy (with Future)","THE WEEKND, FUTURE",2,1169,0,96180277,36,65,28,0,0,A,2023-04-21
"Down Under (feat Colin Hay)","LUUDE, COLIN HAY",2,3541,2,252871192,57,13,50,1,7,B,2021-11-19
"Dream On",AEROSMITH,1,168,0,838586769,0,0,5,0,0,F,1973-01-05
"Dreamers Music from the FIFA World Cup Qatar 2022 Official Soundtrack","BTS, JUNG KOOK, FIFA SOUND",3,889,20,323358833,11,78,35,0,21,NULL,2022-11-20
"Driving Home for Christmas  2019 Remaster","CHRIS REA",1,888,0,429504768,50,0,6,0,0,A,1986-01-01
"Dua Lipa","JACK HARLOW",1,1992,0,150500965,35,0,3,0,0,B,2022-05-06
"Easy On Me",ADELE,1,10195,20,1406111294,258,87,657,22,9,F,2021-10-14
Efecto,"BAD BUNNY",1,4004,33,1047480053,34,65,43,6,2,G,2022-05-06
"El Apag","BAD BUNNY",1,1209,0,212351890,9,7,14,0,1,G#,2022-05-06
"El Azul","JUNIOR H, PESO PLUMA",2,692,25,354495408,10,107,6,3,62,A,2023-02-10
"El Cielo","FEID, MYKE TOWERS, SKY ROMPIENDO",3,1298,38,107753850,44,64,57,10,110,A#,2023-06-02
"El Gordo Trae El Mando","CHINO PACAS",1,539,21,255932395,7,71,4,2,13,G,2023-01-27
"El Merengue","MARSHMELLO, MANUEL TURIZO",2,2114,44,223633238,80,75,110,11,323,G#,2023-03-03
"El Rescate","GRUPO MARCA REGISTRADA, JUNIOR H",2,527,4,287278853,10,43,3,1,0,G,2022-07-22
ELEVEN,IVE,1,521,1,247737946,17,89,11,0,0,A,2021-12-01
"Ella Baila Sola","ESLABON ARMADO, PESO PLUMA",2,3090,50,725980112,34,222,43,13,418,F,2023-03-16
"En El Radio Un Cochinero","VICTOR CIBRIAN",1,514,0,164856284,5,36,1,0,0,F#,2022-05-13
"En La De Ella","FEID, SECH, JHAYCO",3,1320,0,133895612,29,26,17,0,0,C#,2022-10-20
"En Paris","EL CHACHITO, JUNIOR H",2,406,5,198275403,3,31,2,1,0,D#,2022-12-24
Enchanted,"TAYLOR SWIFT",1,4564,16,621660989,24,101,113,0,40,G#,2010-01-01
"Enchanted (Taylors Version)","TAYLOR SWIFT",1,148,24,39578178,32,93,8,2,5,G#,2023-07-07
"Enemy  from the series Arcane League of Legends","IMAGINE DRAGONS, LEAGUE OF LEGENDS, ARCANE",3,824,0,1223481149,8,8,8,2,0,G,2021-10-27
"Enemy (with JID)  from the series Arcane League of Legends","IMAGINE DRAGONS, LEAGUE OF LEGENDS, JID, ARCANE",4,6180,7,1223481149,122,88,580,21,10,B,2021-09-03
Ensame,"BAD BUNNY",1,1112,3,279737940,7,25,12,0,0,G#,2022-05-06
"Entre Nosotros (Remix) con Nicki Nicole","LIT KILLAH, MARIA BECERRA, TIAGO PZK, NICKI NICOLE",4,759,3,236940480,32,0,12,0,0,F,2022-01-05
Envolver,ANITTA,1,4673,2,546191065,123,113,180,1,4,E,2021-11-11
"Erro Gostoso  Ao Vivo","SIMONE MENDES",1,984,5,153454328,8,57,76,2,49,F#,2023-01-27
"Es un Secreto","PLAN B",1,492,36,540654286,4,3,19,0,0,F#,2010-07-20
Escapism,"RAYE, 070 SHAKE",2,5129,25,532336353,116,84,114,18,348,D,2022-10-12
"Escapism  Sped Up","RAYE, 070 SHAKE",2,1368,0,184308753,12,1,11,0,8,F#,2022-11-25
"EsqueaMe Se For C","MARLIA MENDONA, MAIARA",2,580,0,258316038,24,92,93,0,0,F#,2021-10-14
"Eu Gosto Assim  Ao Vivo","GUSTAVO MIOTO, MARI FERNANDEZ",2,1473,4,222612678,27,64,66,1,4,NULL,2022-09-16
"Evergreen (You Didnt Deserve Me A","OMAR APOLLO",1,2499,0,227918678,70,0,49,0,0,A,2022-04-08
"Every Angel is Terrifying","THE WEEKND",1,715,0,37307967,0,1,2,0,0,NULL,2022-01-07
"Every Breath You Take  Remastered 2003","THE POLICE",1,22439,19,1593270737,211,74,929,0,129,C#,1983-01-06
"Every Summertime",NIKI,1,1211,2,290228626,30,2,5,0,6,F#,2021-08-10
"Everything I Love","MORGAN WALLEN",1,579,0,95623148,11,54,0,0,103,G#,2023-01-31
"Evoque Prata","DJ ESCOBAR, MC MENOR SG, MC MENOR HR",3,852,0,174006928,14,1,50,0,0,G,2022-09-09
Excuses,"INTENSE, AP DHILLON, GURINDER GILL",3,272,4,327498031,7,21,2,0,0,F,2020-07-24
"Eyes Closed","ED SHEERAN",1,2915,30,195576623,116,69,107,3,675,D,2023-03-23
F2F,SZA,1,989,0,67540165,5,9,1,0,0,D,2022-12-09
"Fair Trade (with Travis Scott)","DRAKE, TRAVIS SCOTT",2,5403,6,593917618,118,116,96,0,3,C#,2021-09-03
Falling,"HARRY STYLES",1,7556,0,1023187129,124,24,254,0,8,E,2019-12-13
"family ties (with Kendrick Lamar)","KENDRICK LAMAR, BABY KEEM",2,6308,5,560222750,114,15,63,0,2,C#,2021-08-27
Far,SZA,1,680,0,51641685,2,15,1,0,0,D,2022-12-09
"Fast Car","LUKE COMBS",1,1446,12,157058870,57,97,35,0,429,G#,2023-03-24
"Father Time (feat Sampha)","KENDRICK LAMAR, SAMPHA",2,3107,0,127309180,4,0,22,0,0,A#,2022-05-13
"favorite crime","OLIVIA RODRIGO",1,3681,0,783706581,20,21,99,0,7,A,2021-05-21
FEARLESS,"LE SSERAFIM",1,629,0,229497852,18,75,9,0,0,G,2022-05-02
"Feliz Cumpleaos Fe",FEID,1,3430,38,601863821,45,69,52,4,3,F,2022-08-19
"Feliz Navidad","JOS FELIC",1,3788,0,520034544,21,3,10,0,0,D,1970-11-01
Ferrari,"JAMES HYPE, MIGGY DELA ROSA",2,7758,28,462791599,173,79,175,0,168,C#,2022-03-14
"Ferxxo 100",FEID,1,1647,30,278920007,20,49,23,2,2,G#,2022-06-03
"Fim de Semana no Rio",TETO,1,315,2,139193812,27,2,31,0,0,C#,2022-03-30
"Fin de Semana","OSCAR MAYDON, JUNIOR H",2,592,14,307370144,11,84,6,1,30,NULL,2023-01-13
"Fingers Crossed","LAUREN SPENCER SMITH, LAUREN SPENCER SMITH, LAUREN SPENCER SMITH",3,2235,0,349585590,65,7,70,16,6,F,2022-01-05
"First Class","JACK HARLOW",1,8737,0,694525298,163,32,137,15,12,G#,2022-04-08
FLOWER,JISOO,1,839,18,232896922,20,110,20,0,69,A,2023-03-31
Flowers,"LAUREN SPENCER SMITH",1,801,0,184826429,42,9,24,1,1,D#,2021-08-09
"For Youth",BTS,1,327,0,114546317,5,40,12,0,0,D,2022-06-10
Forever,LABRINTH,1,3618,0,282883169,21,86,138,0,2,E,2019-10-04
"Forget Me","LEWIS CAPALDI",1,2520,4,239411309,93,95,84,9,202,C#,2022-09-09
Formula,LABRINTH,1,3444,7,554875730,24,85,102,0,1,B,2019-10-04
Freaks,"SURF CURSE",1,3006,3,824420218,23,21,121,0,13,A,2015-05-10
"Freaky Deaky","TYGA, DOJA CAT",2,1729,0,153240879,26,1,19,0,0,D,2022-02-25
"Frgil (feat Grupo Front","YAHRITZA Y SU ESENCIA, GRUPO FRONTERA",2,672,34,188933502,19,108,24,9,212,F#,2023-04-07
"Friday (feat Mufasa  Hypeman)  Dopamine ReEdit","RITON, NIGHTCRAWLERS, MUFASA  HYPEMAN, DOPAMINE",4,12043,0,863756573,209,54,710,0,18,D,2021-01-15
"Fuera del mercado","DANNY OCEAN",1,2499,21,421365166,68,24,43,1,0,G#,2022-02-17
fukumean,GUNNA,1,1096,83,95217315,60,210,48,11,953,C#,2023-05-15
Gasolina,"DADDY YANKEE",1,6457,18,657723613,98,95,453,0,454,NULL,2004-07-13
Gasoline,"THE WEEKND",1,2297,0,116903579,11,29,14,0,0,F#,2022-01-07
GAT,"MALDY, KAROL G",2,3328,13,322336177,39,50,57,3,1,B,2022-08-25
Gatita,BELLAKATH,1,1054,0,168684524,9,0,15,0,1,G,2022-10-03
"Gato de Noche","NENGO FLOW, BAD BUNNY",2,2651,30,304118600,21,55,32,3,0,G#,2022-12-22
"Get Into It (Yuh)","DOJA CAT",1,4999,0,516784627,43,19,73,12,0,G#,2021-06-25
"Ghost in the Machine (feat Phoebe Bridgers)","SZA, PHOEBE BRIDGERS",2,1634,0,110073250,16,20,4,0,0,F#,2022-12-09
"Ginseng Strip 2002","YUNG LEAN",1,4310,0,240769997,13,0,113,1,3,C#,2013-08-16
GIVENCHY,DUKI,1,625,4,185236961,13,18,12,0,0,G#,2022-07-20
"Glimpse of Us",JOJI,1,6330,6,988515741,109,42,158,3,31,G#,2022-06-10
"Gol Bolinha Gol Quadrado 2","MC PEDRINHO, DJ 900",2,293,8,11956641,5,2,30,2,66,B,2023-06-01
Golden,"HARRY STYLES",1,8429,1,807015863,85,24,200,0,2,E,2019-12-13
"golden hour",JVKE,1,4511,36,751134527,70,58,109,18,230,C#,2022-07-15
"Gone Girl",SZA,1,892,0,65362788,3,17,2,0,0,F,2022-12-09
"Good Days",SZA,1,10426,2,826623384,133,109,182,1,10,C#,2020-12-24
"Good Looking","SUKI WATERHOUSE",1,2264,0,184706613,11,6,25,0,1,E,2017-10-20
"Gospel (with Eminem)","EMINEM, DR DRE",2,1040,0,64787943,8,0,29,0,0,C#,2022-02-04
Grapejuice,"HARRY STYLES",1,1986,0,199587884,7,1,15,0,0,F,2022-05-20
Haegeum,"AGUST D",1,244,12,118810253,6,84,10,2,9,G,2023-04-21
happier,"OLIVIA RODRIGO",1,3069,4,850608354,25,46,105,0,45,F#,2021-05-21
"Happier Than Ever  Edit","BILLIE EILISH",1,1959,0,412795151,19,0,38,0,0,NULL,2021-07-28
HAPPY,NF,1,660,0,52722996,22,7,11,0,78,G,2023-03-25
"Happy Xmas (War Is Over)","JOHN LENNON, THE HARLEM COMMUNITY CHOIR, THE PLASTIC ONO BAND, YOKO ONO",4,10829,0,460492795,130,1,390,0,0,D,1971-12-01
"HatiHati di Jalan",TULUS,1,200,2,202677468,12,4,0,0,0,F#,2022-03-03
"Have You Ever Seen The Rain?","CREEDENCE CLEARWATER REVIVAL",1,15890,14,1145727611,71,37,653,0,167,NULL,1968-07-01
"Heart To Heart","MAC DEMARCO",1,1640,0,244658767,27,27,29,1,1,G#,2019-05-10
"HEARTBREAK ANNIVERSARY",GIVEON,1,5398,4,951637566,111,127,210,0,37,NULL,2020-02-21
Heather,"CONAN GRAY",1,6170,7,1301799902,82,1,231,0,2,F,2020-03-20
Heaven,"NIALL HORAN",1,1553,2,144584800,61,6,48,0,150,F,2023-02-17
"Here We Go Again (feat Tyler the Cr","THE WEEKND, TYLER, THE CREATOR",3,1420,0,88103848,7,18,7,0,0,C#,2022-01-07
"Here With Me",D4VD,1,3246,23,635412045,94,85,68,1,84,E,2022-07-17
"Hey Mor","OZUNA, FEID",2,4637,38,674072710,63,79,89,11,16,C#,2022-10-06
"Hey Mickey","BABY TATE",1,482,0,122763672,9,1,12,4,3,D,2016-09-27
"Hits Different","TAYLOR SWIFT",1,547,0,68616963,15,15,6,0,0,F,2023-05-26
"Hold Me Closer","ELTON JOHN, BRITNEY SPEARS",2,4967,0,284216603,165,10,177,4,73,NULL,2017-11-10
"Hold My Hand","LADY GAGA",1,2528,0,238350348,63,8,270,2,105,G,2022-05-03
"Holly Jolly Christmas","MICHAEL BUBL",1,7655,0,476244795,5,0,291,0,0,G,2011-10-14
"Honest (feat Don Toliver)","JUSTIN BIEBER, DON TOLIVER",2,1351,0,106919680,26,1,17,0,0,G#,2022-04-29
Hope,XXXTENTACION,1,3659,0,1200808494,11,10,267,0,7,A,2018-03-16
"Hot Shit (feat Ye  Lil Durk)","KANYE WEST, LIL DURK, CARDI B",3,1601,0,85924992,11,0,2,0,0,A,2022-07-01
"House Of Memories","PANIC AT THE DISCO",1,2948,0,582863434,10,2,150,0,0,B,2016-01-15
"How Do I Make You Love Me?","THE WEEKND",1,1915,0,119238316,7,47,15,0,0,G,2022-01-07
"How Do I Say Goodbye","DEAN LEWIS",1,2163,15,284785823,72,97,58,0,154,G#,2022-08-05
"Hrs and Hrs","MUNI LONG",1,1800,0,181328253,43,36,46,13,4,G#,2021-11-19
"Hummingbird (Metro Boomin  James Blake)","JAMES BLAKE, METRO BOOMIN",2,277,1,39666245,1,20,5,0,1,F#,2023-06-02
"Hype Boy",NEWJEANS,1,892,17,363472647,20,119,12,2,7,E,2022-08-01
"I Aint Worried",ONEREPUBLIC,1,8431,76,1085685420,241,127,458,37,332,NULL,2022-05-13
"I AM",IVE,1,366,15,123132751,16,102,7,0,55,E,2023-04-10
"I AM WOMAN","EMMY MELI",1,2795,0,225259194,45,0,107,0,0,A#,2021-11-18
"I Can See You (Taylors Version) (From The Vault)","TAYLOR SWIFT",1,516,38,52135248,73,119,42,1,150,F#,2023-07-07
"I Hate U",SZA,1,4094,0,356709897,66,96,43,0,0,G,2021-12-03
"I Heard Youre Married (feat Lil Wayne)","THE WEEKND, LIL WAYNE",2,1178,0,91656026,9,10,9,0,0,D,2022-01-07
"I Know  PR1SVX Edit","KANII, PR1ISVX",2,407,0,77377503,16,15,5,0,1,B,2023-03-24
"I Like You (A Happier Song) (with Doja Cat)","POST MALONE, DOJA CAT",2,5281,14,609293408,94,21,80,15,38,F,2022-06-03
"I Love You So","THE WALTERS",1,7536,7,972164968,44,19,135,0,6,A#,2014-11-28
"I Tried to Tell Yall","UGLY DRAY, TESLA JNR",2,1657,0,121077868,15,3,3,0,0,B,2022-05-06
"I WANNA BE YOUR SLAVE",MNE,1,4873,0,851070493,65,88,434,3,13,C#,2021-03-19
"I Wanna Be Yours","ARCTIC MONKEYS",1,12859,110,1297026226,24,98,582,2,73,NULL,2013-01-01
"I Was Never There","THE WEEKND, GESAFFELSTEIN",2,4188,15,705469769,30,70,142,0,27,A#,2018-03-29
"I Wrote The Book","MORGAN WALLEN",1,430,0,83021468,15,17,0,0,0,D,2023-01-31
"Im Good (Blue)","BEBE REXHA, DAVID GUETTA",2,12482,80,1109433169,291,184,537,45,727,G,2022-08-26
"Im Not Here To Make Friends","SAM SMITH, CALVIN HARRIS, JESSIE REYEZ",3,1890,0,103787664,86,1,49,0,9,NULL,2023-01-27
"Im Tired  From Euphoria An Original HBO Series",LABRINTH,1,1888,0,121913181,26,1,58,0,0,NULL,2022-02-04
"IDGAF (with blackbear)","BLACKBEAR, BOYWITHUKE",2,625,0,197643795,10,2,13,0,1,F,2022-03-18
"If We Ever Broke Up","MAE STEPHENS",1,2040,4,165584767,81,27,66,9,444,G,2023-02-10
"Igualito a Mi Ap","FUERZA REGIDA, PESO PLUMA",2,265,6,158950978,8,84,5,1,4,E,2022-12-30
"In My Head","LIL TJAY",1,1185,0,190981339,21,0,31,0,0,C#,2022-04-01
"In The Stars","BENSON BOONE",1,2224,8,382199619,48,40,87,1,210,A#,2022-04-29
Infinity,"JAYMES YOUNG",1,4375,0,888046992,24,0,396,0,0,B,2017-06-23
Iris,"THE GOO GOO DOLLS",1,13101,9,1284942608,137,5,582,0,0,B,1998-03-31
"Is There Someone Else?","THE WEEKND",1,2881,6,391251368,13,89,34,0,3,A,2022-01-07
"Itll Be Okay","SHAWN MENDES",1,1950,0,287201015,56,8,104,0,10,G,2021-12-01
"Its Beginning To Look A Lot Like Christmas","MICHAEL BUBL",1,12353,0,807561936,35,0,549,0,0,E,2011-10-14
"Its Beginning to Look a Lot Like Christmas (with Mitchell Ayres  His Orchestra)","PERRY COMO, THE FONTANE SISTERS, MITCHELL AYRES  HIS ORCHESTRA",3,6290,0,295998468,89,39,158,0,0,G,1958-01-01
"Its the Most Wonderful Time of the Year","ANDY WILLIAMS",1,8879,0,663832097,182,107,160,0,1,G,1963-10-14
"jealousy jealousy","OLIVIA RODRIGO",1,3257,0,665765558,10,0,70,0,0,A#,2021-05-21
JGL,"LUIS R CONRIQUEZ, LA ADICTIVA",2,782,9,323455692,15,33,6,1,0,G#,2022-02-18
"Jhoome Jo Pathaan","ARIJIT SINGH, VISHAL DADLANI, SUKRITI KAKAR, VISHALSHEKHAR, SHEKHAR RAVJIANI, KUMAAR",6,138,4,1365184,13,78,2,0,0,G,2022-12-22
"Jimmy Cooks (feat 21 Savage)","DRAKE, 21 SAVAGE",2,5871,27,618885532,81,121,58,1,34,NULL,2022-06-17
"Jingle Bells  Remastered 1999","FRANK SINATRA",1,4326,0,178660459,32,3,65,0,0,G#,1957-01-01
Jordan,"RYAN CASTRO",1,2844,2,394030335,29,2,35,1,0,A#,2021-04-30
"Just Wanna Rock","LIL UZI VERT",1,3995,13,457184829,72,27,47,0,0,B,2022-10-17
"Kahani Suno 20","KAIFI KHALIL",1,162,6,156777415,1,10,1,0,1,B,2022-05-31
Karma,"TAYLOR SWIFT",1,3818,23,404562836,37,55,32,0,272,G#,2022-10-21
"Karma (feat Ice Spice)","TAYLOR SWIFT, ICE SPICE",2,588,0,46142772,23,21,31,0,0,G#,2023-05-26
"Keep Driving","HARRY STYLES",1,2094,1,236060709,8,1,18,0,0,A,2022-05-20
"Kesariya (From Brahmastra)","PRITAM, ARIJIT SINGH, AMITABH BHATTACHARYA",3,292,6,366599607,26,98,4,0,0,NULL,2022-07-17
"KICK BACK","KENSHI YONEZU",1,574,4,210038833,38,101,26,0,0,C#,2022-10-12
"Kill Bill",SZA,1,8109,77,1163093654,183,162,161,12,187,G#,2022-12-08
"Kiss Me More (feat SZA)","SZA, DOJA CAT",2,15867,0,1575467011,382,65,497,0,12,G#,2021-04-09
"Knife Talk (with 21 Savage ft Project Pat)","DRAKE, PROJECT PAT, 21 SAVAGE",3,5199,0,594482982,45,43,45,0,3,F,2021-09-03
Komang,"RAIM LAODE",1,158,4,137123880,5,6,1,1,18,G,2022-08-16
"KU LO SA  A COLORS SHOW",OXLADE,1,2019,8,222410722,117,72,107,1,7,A#,2022-06-10
"La Bachata","MANUEL TURIZO",1,6804,45,1214083358,139,111,161,15,210,G,2022-05-26
"La Bebe","YNG LVCAS",1,489,17,191945597,4,11,5,1,2,D,2021-12-24
"La Bebe  Remix","PESO PLUMA, YNG LVCAS",2,2953,44,553634067,49,110,66,13,339,D,2023-03-17
"LA CANCI","J BALVIN, BAD BUNNY",2,6398,31,1435127549,177,109,305,3,5,G,2019-06-28
"La Corriente","TONY DIZE, BAD BUNNY",2,1796,8,479655659,8,25,18,1,0,B,2022-05-06
"LA FAMA (with The Weeknd)","THE WEEKND, ROSAL",2,4640,3,374706940,81,93,507,6,4,NULL,2021-11-11
"LA INOCENTE","FEID, MORA",2,2598,37,477033549,28,57,43,8,85,F,2022-04-01
"La Jumpa","ARCANGEL, BAD BUNNY",2,3794,34,538115192,47,77,53,10,8,G#,2022-11-30
"La Llevo Al Cielo (Ft engo F","NENGO FLOW, ANUEL AA, CHRIS JEDI, CHENCHO CORLEONE",4,3559,3,333146475,36,1,31,0,1,A,2022-05-20
"La Loto","ANITTA, TINI, BECKY G",3,945,0,121189256,49,3,57,0,0,C#,2022-07-06
"La Santa","DADDY YANKEE, BAD BUNNY",2,4890,20,759208783,52,42,100,0,0,C#,2020-02-29
"La Zona","BAD BUNNY",1,1188,0,312622938,13,1,15,0,1,C#,2020-02-29
Labyrinth,"TAYLOR SWIFT",1,1597,0,187339835,6,3,15,0,0,NULL,2022-10-21
"LADY GAGA","GABITO BALLESTEROS, JUNIOR H, PESO PLUMA",3,332,26,86444842,11,163,10,4,0,F,2023-06-22
"Lady Mi Amor",FEID,1,330,0,53987404,3,0,2,0,0,D,2022-09-13
LAGUNAS,"JASIEL NUEZ, PESO P",2,58,18,39058561,2,106,4,2,184,B,2023-06-22
LALA,"MYKE TOWERS",1,1474,48,133716286,48,126,58,14,382,C#,2023-03-23
"Las Morras","BLESSD, PESO PLUMA",2,291,8,127026613,8,78,4,1,1,A,2023-04-04
"Last Last","BURNA BOY",1,4526,12,293466523,156,275,150,3,128,D#,2022-05-12
"Last Night","MORGAN WALLEN",1,2420,19,429829812,52,107,15,1,325,F#,2023-01-31
"Late Night Talking","HARRY STYLES",1,7461,8,743693613,166,42,199,16,58,A#,2022-05-20
"Lavender Haze","TAYLOR SWIFT",1,3763,8,488386797,51,43,38,10,1,A#,2022-10-21
Layla,"SCHRZE, DJ R",2,832,3,130419412,18,124,24,1,0,F,2022-03-24
"Leave Before You Love Me (with Jonas Brothers)","MARSHMELLO, JONAS BROTHERS",2,4893,4,651732901,143,24,110,0,70,G,2021-04-28
"Leave The Door Open","BRUNO MARS, ANDERSON PAAK, SILK SONIC",3,14417,0,1115880852,237,123,569,0,10,F,2021-03-05
"Left and Right (Feat Jung Kook of BTS)","CHARLIE PUTH, BTS, JUNG KOOK",3,3107,39,720434240,38,0,4,0,0,D,2022-06-24
Le,"MARLIA MENDO",1,993,4,267789608,30,84,88,1,28,F#,2022-12-09
"Less Than Zero","THE WEEKND",1,2800,0,200660871,18,77,61,0,1,NULL,2022-01-07
"LET GO","CENTRAL CEE",1,2301,20,298063749,49,23,110,0,8,D,2022-12-15
"Let It Snow Let It Snow Let It Snow","DEAN MARTIN",1,6512,0,446390129,88,1,277,0,0,C#,1959-11-16
"Let It Snow Let It Snow Let It Snow","FRANK SINATRA, B SWANSON QUARTET",2,10585,0,473248298,126,108,406,0,0,D,1950-01-01
"Let Me Down Slowly","ALEC BENJAMIN",1,5897,19,1374581173,0,0,885,0,0,C#,2018-05-25
Levitating,"DUA LIPA",1,9833,0,797196073,233,82,531,1,1,F#,2020-03-27
"Levitating (feat DaBaby)","DUA LIPA, DABABY",2,15894,8,1802514301,198,13,544,0,60,F#,2020-03-27
"Ley Seca","ANUEL AA, JHAY CORTEZ",2,2012,0,355219175,101,12,38,0,0,G#,2021-09-02
L,STROMAE,1,2035,0,108809090,41,122,394,0,2,D,2022-01-09
"Lift Me Up  From Black Panther Wakanda Forever  Music From and Inspired By",RIHANNA,1,3311,0,297328960,129,31,212,1,41,A,2022-10-28
"Light Switch","CHARLIE PUTH",1,4049,0,500340342,119,6,85,1,1,F#,2022-01-19
"Like Crazy",JIMIN,1,596,68,363369738,8,104,23,2,29,G,2023-03-24
"Like Crazy (English Version)",JIMIN,1,373,19,173627354,4,72,5,0,5,G,2023-03-24
"Lilith (feat SUGA of BTS) (Diablo IV Anthem)","HALSEY, SUGA",2,215,6,51985779,6,14,8,2,4,A,2023-06-05
Limbo,"FREDDIE DREDD",1,688,0,199386237,14,1,17,0,2,B,2022-08-11
"Link Up (Metro Boomin  Don Toliver Wizkid feat BEAM  Toian)  SpiderVerse Remix (SpiderMan Across the SpiderVerse )","WIZKID, TOIAN, METRO BOOMIN, DON TOLIVER, BEAM",5,197,0,32761689,3,10,3,0,0,F,2023-06-02
"Little Freak","HARRY STYLES",1,2302,0,273194684,20,3,39,0,0,D#,2022-05-20
LLYLM,ROSAL,1,1838,0,124988687,105,41,114,1,59,F#,2023-01-27
"Lo Siento BB (with Bad Bunny  Julieta Venegas)","JULIETA VENEGAS, BAD BUNNY, TAINY",3,3423,26,775542072,61,65,53,6,0,E,2021-10-05
"Locked Out Of Heaven","BRUNO MARS",1,1622,9,1481349984,0,0,356,0,0,F,2012-12-05
LOKERA,"BRRAY, RAUW ALEJANDRO, LYANNO",3,3301,30,471819764,72,64,64,6,3,B,2022-07-25
"Los del Espacio","BIG ONE, DUKI, LIT KILLAH, MARIA BECERRA, FMK, RUSHERKING, EMILIA, TIAGO PZK",8,1150,31,123122413,22,33,34,7,184,NULL,2023-06-01
Lost,"FRANK OCEAN",1,29499,11,822239726,124,27,587,0,4,A#,2019-08-23
"Lost in the Fire","THE WEEKND, GESAFFELSTEIN",2,7731,2,686734357,110,145,447,0,46,D,2019-01-11
"Love Again","THE KID LAROI",1,1283,0,147538971,57,4,48,0,0,B,2023-01-27
"LOVE DIVE",IVE,1,753,8,305771063,28,124,13,0,1,C#,2022-04-05
"Love Language",SZA,1,1127,0,110849052,16,63,8,0,0,A,2022-12-09
"Love Of My Life","HARRY STYLES",1,1933,0,233671263,13,2,31,0,0,G,2022-05-20
Lover,"TAYLOR SWIFT",1,8448,23,882831184,160,110,163,0,5,G,2019-08-23
"Lovers Rock","TV GIRL",1,6339,13,466231982,3,1,36,1,37,F,2014-06-05
Lovezinho,TREYCE,1,242,0,70069745,12,2,13,0,4,E,2022-07-28
Low,SZA,1,1911,0,272377463,23,71,14,0,9,NULL,2022-12-09
LUNA,"JUNIOR H, PESO PLUMA",2,201,11,55842345,19,117,8,1,74,A,2023-06-22
"Maan Meri Jaan",KING,1,288,6,319566866,11,80,1,0,8,F#,2022-10-12
"Made You Look","MEGHAN TRAINOR",1,3956,6,502574952,142,23,127,3,16,A#,2022-10-21
"Major Distribution","DRAKE, 21 SAVAGE",2,1545,0,154863153,22,7,15,0,0,G#,2022-11-04
"Mal Feito  Ao Vivo","MARLIA MENDONA, HUGO  G",2,971,2,291709698,35,104,93,1,0,NULL,2022-01-14
"Malas Decisiones","KENIA OS",1,542,2,156214700,23,2,21,0,0,G#,2022-10-26
Malvada,"Z FE",1,601,0,154119539,28,73,64,0,0,F,2022-01-28
Malvad,"XAM, GUSTAH, NEO B",3,648,1,240684449,14,3,81,0,0,F#,2021-11-30
"Mami Chula","QUEVEDO, JHAYCO",2,875,4,61105704,17,13,27,0,43,G,2023-04-27
MAMIII,"KAROL G, BECKY G",2,6809,28,716591492,151,102,175,5,29,E,2022-02-10
"Man Made A Bar (feat Eric Church)","MORGAN WALLEN, ERIC CHURCH",2,329,0,58890931,14,35,1,0,0,E,2023-03-03
MANIAC,"STRAY KIDS",1,651,0,212234990,6,188,20,0,0,C#,2022-03-18
"Marisola  Remix","DUKI, NICKI NICOLE, CRIS MJ, STANDLY, STARS MUSIC CHILE",5,1845,16,223582566,20,8,30,2,0,C#,2022-12-15
Maroon,"TAYLOR SWIFT",1,2304,0,317726339,12,16,14,0,0,G,2022-10-21
"Mary On A Cross",GHOST,1,2668,2,387080183,38,266,78,0,141,B,2019-09-13
"Mas Rica Que Ayer","MAMBO KINGZ, DJ LUIAN, ANUEL AA",3,1208,34,146409671,10,41,20,0,1,B,2023-03-02
Massive,DRAKE,1,5263,0,195628667,66,89,61,0,11,E,2022-06-17
"Master of Puppets (Remastered)",METALLICA,1,6080,0,704171068,112,198,406,1,0,E,1986-03-03
Mastermind,"TAYLOR SWIFT",1,1936,0,218320587,7,5,13,0,0,E,2022-10-21
Matilda,"HARRY STYLES",1,3218,3,366214458,29,10,79,0,0,D,2022-05-20
"Me and Your Mama","CHILDISH GAMBINO",1,8775,0,445590495,33,60,107,1,0,F,2016-11-10
"Me Arrepent","AK420, CRIS MJ, PAILITA",3,273,2,118381354,12,2,4,0,0,NULL,2022-03-30
"Me Fui de Vacaciones","BAD BUNNY",1,1443,0,305650299,9,11,22,1,0,A#,2022-05-06
"Me Porto Bonito","CHENCHO CORLEONE, BAD BUNNY",2,8870,43,1440757818,104,120,141,26,49,C#,2022-05-06
Medallo,"JUSTIN QUILES, LENNY TAVREZ, BL",3,2780,2,393230256,54,21,57,1,0,E,2021-10-27
"Meet Me At Our Spot","THE ANXIETY, WILLOW, TYLER COLE",3,6734,0,530511203,47,14,90,0,1,D,2020-03-13
"Mejor Que Yo","MAMBO KINGZ, DJ LUIAN, ANUEL AA",3,675,1,50847624,9,13,11,0,1,C#,2023-05-04
MERCHO,"MIGRANTES, LIL CAKE, NICO VALDI",3,1267,20,231332117,41,22,56,4,84,F#,2022-12-16
"Merry Christmas","ED SHEERAN, ELTON JOHN",2,2209,0,135723538,72,90,141,0,0,NULL,2017-11-10
"Merry Christmas Everyone","SHAKIN STEVENS",1,1087,0,351636786,90,35,5,0,0,C#,1984-01-01
METAMORPHOSIS,INTERWORLD,1,1561,24,357580552,18,78,24,0,30,G,2021-11-25
"Mi Bello Angel","NATANAEL CANO",1,86,8,31873544,7,76,3,1,93,A,2023-06-30
"MIDDLE OF THE NIGHT","ELLEY DUH",1,4057,8,872137015,78,21,240,1,52,E,2020-01-10
"Midnight Rain","TAYLOR SWIFT",1,2612,4,433356509,19,29,21,0,0,NULL,2022-10-21
"MIENTRAS ME CURO DEL CORA","KAROL G",1,1020,35,206399629,15,26,30,6,0,NULL,2023-02-24
Min,"TINI, MARIA BECERRA",2,3406,16,596152090,61,23,70,1,0,D,2021-04-29
"Mine (Taylors Version)","TAYLOR SWIFT",1,99,15,36912123,21,52,6,1,0,G,2023-07-07
"Miracle (with Ellie Goulding)","CALVIN HARRIS, ELLIE GOULDING",2,5120,48,211050784,161,115,246,9,638,A,2023-03-10
Mirror,"KENDRICK LAMAR",1,1929,0,53603447,2,0,4,0,0,E,2022-05-13
"Miserable Man","DAVID KUSHNER",1,788,0,124407432,13,0,32,1,0,A#,2022-01-07
"Miss You","ROBIN SCHULZ, OLIVER TREE",2,5730,10,497225336,108,16,197,3,165,F#,2022-08-05
"Miss You",SOUTHSTAR,1,2020,0,154356956,77,10,119,0,40,A,1982-05-16
Mistletoe,"JUSTIN BIEBER",1,9577,0,629173063,195,111,310,0,0,F#,2011-01-01
"MOJABI GHOST","TAINY, BAD BUNNY",2,859,40,61245289,35,109,41,14,211,F#,2023-06-29
"Mon Amour  Remix","AITANA, ZZOILO",2,3221,2,578207856,67,13,139,0,40,D,2020-09-21
"Money Trees","KENDRICK LAMAR, JAY ROCK",2,26792,32,1093605526,69,113,695,0,458,E,2019-08-23
"Mony so",YEAT,1,1473,0,263779030,2,0,12,0,10,D,2021-09-10
Monoton,"OZUNA, SHAKIRA",2,3645,15,380726517,118,34,150,4,19,NULL,2022-10-19
Moonlight,"KALI UCHIS",1,2649,42,256483385,67,79,57,1,615,G,2023-02-24
MORE,JHOPE,1,565,0,155795783,6,52,11,0,0,D,2022-07-01
"Moscow Mule","BAD BUNNY",1,4572,33,909001996,74,113,85,9,2,F,2022-05-06
"Mother I Sober (feat Beth Gibbons of Portishead)","KENDRICK LAMAR, BETH GIBBONS",2,1890,0,33381454,3,0,2,0,0,G#,2022-05-13
"Mount Everest",LABRINTH,1,5443,0,467727006,45,1,80,0,12,NULL,2019-06-21
"Mr Morale","KENDRICK LAMAR, TANNA LEONE",2,1860,0,58687425,1,0,3,0,0,A,2022-05-13
Mu,"STEVE AOKI, TINI, LA JOAQUI",3,658,6,120972253,33,7,53,2,0,A#,2023-01-12
Mujeriego,"RYAN CASTRO",1,1492,0,231996128,44,63,91,0,24,A,2021-12-17
"Murder In My Mind",KORDHELL,1,2459,20,448843705,20,68,50,0,22,A#,2022-01-21
"Music For a Sushi Restaurant","HARRY STYLES",1,4449,1,334733572,80,11,66,0,1,B,2022-05-20
"My Mind  Me","SELENA GOMEZ",1,953,0,91473363,61,13,37,1,0,A,2022-11-03
"My Only Wish (This Year)","BRITNEY SPEARS",1,6952,0,261116938,115,53,286,0,0,NULL,2000-11-07
"My Universe","COLDPLAY, BTS",2,6127,13,1061966512,0,0,0,0,0,A,2021-09-24
N95,"KENDRICK LAMAR",1,5542,0,301242089,52,16,65,0,206,D#,2022-05-13
"Nail Tech","JACK HARLOW",1,2939,0,193443895,42,0,24,0,0,E,2022-02-18
"Never Felt So Alone",LABRINTH,1,1730,3,117747907,46,5,51,0,20,F,2023-04-07
Neverita,"BAD BUNNY",1,2590,30,671365962,20,64,35,6,0,A#,2022-05-06
"New Jeans",NEWJEANS,1,77,35,29562220,8,166,4,4,34,E,2023-07-07
"NEW MAGIC WAND","TYLER, THE CREATOR",2,4708,0,461437791,13,7,55,0,1,F,2019-05-16
"Niagara Falls (Foot or 2) with Travis Scott  21 Savage","TRAVIS SCOTT, 21 SAVAGE, METRO BOOMIN",3,1602,0,195516622,12,22,12,0,2,G,2022-12-02
"Nia Bo","SEAN PAUL, FEID",2,1305,34,115010040,29,26,43,5,44,G,2023-04-21
"No Role Modelz","J COLE",1,21164,36,1791000570,80,65,476,0,14,A#,2014-12-09
"No Se Va","GRUPO FRONTERA",1,924,18,404887295,17,80,22,9,38,NULL,2022-04-28
"Nobody Gets Me",SZA,1,2536,6,284908316,59,100,58,13,2,G,2022-12-09
"Nobody Like U  From Turning Red","JORDAN FISHER, JOSH LEVI, FINNEAS OCONNELL, 4TOWN FROM DISNEY AND PIXARS TURNING RED, TOPHER NGO, GRAYSON VILL",6,918,0,120847157,34,39,30,0,0,A,2022-02-25
Nonsense,"SABRINA CARPENTER",1,2346,27,342897938,69,12,38,8,64,G#,2022-07-15
Normal,FEID,1,2461,36,459276435,47,66,45,5,6,E,2022-07-08
"Nos Comemos (feat Ozuna)","OZUNA, TIAGO PZK",2,896,0,138334433,0,0,2,0,0,F#,2022-06-02
"Nosso Quadro","ANA CASTELA, AGROPLAY",2,894,9,233801632,14,88,66,3,72,A,2023-02-02
Nostl,"CHRIS BROWN, RVSSIAN, RAUW ALEJANDRO",3,2780,2,436695353,86,76,59,0,16,A,2021-09-08
"Notice Me",SZA,1,819,0,62019074,14,22,0,0,0,F,2022-12-09
Notion,"THE RARE OCCASIONS",1,2393,0,421135627,22,13,65,0,6,A,2016-08-05
"Novidade na ","MC LIVINHO, DJ MATT D",2,267,9,39709092,9,6,25,2,72,F,2023-06-23
"Novo Balan","VEIGH, BVGA BEATZ, SUPERNOVA ENT, PROD MALAX",4,283,7,81102253,6,9,26,1,66,D#,2023-05-19
Numb,"MARSHMELLO, KHALID",2,3879,2,295307001,107,76,86,1,9,NULL,2022-06-10
"Numb Little Bug","EM BEIHOLD",1,2026,0,258714692,47,3,42,12,6,G#,2022-01-28
Nxde,GIDLE,1,430,6,170709584,14,116,9,0,11,E,2022-10-17
OO,NMIXX,1,290,0,135444283,9,66,10,0,0,B,2022-02-22
Obsessed,"ABHIJAY SHARMA, RIAR SAAB",2,161,6,71007139,10,79,2,0,42,F,2022-09-29
"Oh My God",ADELE,1,4431,0,466214729,105,7,199,0,0,C#,2021-11-19
"Oi Balde  Ao Vivo","Z NETO  CRIST",1,845,2,145458418,12,57,47,1,33,D,2023-02-14
"Ojitos Lindos","BOMBA ESTREO, BAD B",2,6135,38,1133865788,71,113,99,13,28,D#,2022-05-06
"Ojos Marrones",LASSO,1,795,11,263280370,26,18,15,1,4,G#,2022-02-06
OMG,NEWJEANS,1,1783,27,430977451,26,124,15,1,22,A,2023-01-02
"On BS","DRAKE, 21 SAVAGE",2,1338,0,170413877,9,20,7,0,0,A,2022-11-04
"on the street (with J Cole)","JHOPE, J COLE",2,615,2,116599790,22,82,8,0,9,B,2023-03-03
"On Time (with John Legend)","JOHN LEGEND, METRO BOOMIN",2,398,0,78139948,2,2,6,0,2,F,2022-12-02
"One Right Now (with The Weeknd)","THE WEEKND, POST MALONE",2,4771,0,539595276,68,18,75,0,1,C#,2021-11-05
"One Thing At A Time","MORGAN WALLEN",1,811,4,148469433,11,58,5,0,21,G,2022-12-02
"Only Love Can Hurt Like This","PALOMA FAITH",1,5148,0,588955257,90,22,365,0,114,G#,2014-01-01
"Open Arms (feat Travis Scott)","SZA, TRAVIS SCOTT",2,1420,4,155653938,13,87,17,0,46,A,2022-12-08
"Otro Atardecer","BAD BUNNY, THE MAR",2,1681,7,319546754,10,30,13,0,33,D,2022-05-06
"OUT OUT (feat Charli XCX  Saweetie)","CHARLI XCX, JAX JONES, JOEL CORRY, SAWEETIE",4,6890,0,427486004,122,11,201,0,1,G#,2021-08-13
Overdrive,"POST MALONE",1,410,36,14780425,36,32,31,1,26,C#,2023-07-14
Pantysito,"FEID, ALEJO, ROBI",3,2995,0,273005485,49,17,30,0,0,G,2022-03-18
Party,"BAD BUNNY, RAUW ALEJANDRO",2,3185,4,614555082,38,64,37,3,36,A,2022-05-06
Pasoori,"SHAE GILL, ALI SETHI",2,349,6,284249832,10,22,3,0,0,B,2022-02-06
"Pass The Dutchie","MUSICAL YOUTH",1,5328,0,195918494,54,76,900,0,0,G,1982-01-01
"Paulo Londra Bzrp Music Sessions Vol 23","BIZARRAP, PAULO LONDRA",2,928,0,164163229,19,0,7,0,0,NULL,2022-04-25
"Peaches (from The Super Mario Bros Movie)","JACK BLACK",1,34,0,68216992,0,0,0,0,0,A#,2023-04-07
People,LIBIANCA,1,3506,56,373199958,105,64,169,8,529,A#,2022-12-02
"People Pt2 (feat IU)","IU, AGUST D",2,209,4,95816024,4,45,11,2,24,G,2023-04-07
"Permission to Dance",BTS,1,1801,2,608334048,77,134,74,0,2,A,2021-07-09
"PERO T","KAROL G, QUEVEDO",2,387,11,93438910,11,15,14,3,1,F#,2023-02-23
Peru,"ED SHEERAN, FIREBOY DML",2,2999,0,261286503,60,17,154,0,22,G,2021-12-23
"Peso Pluma Bzrp Music Sessions Vol 55","BIZARRAP, PESO PLUMA",2,1313,40,200647221,17,152,32,11,139,F,2023-05-31
"Phantom Regret by Jim","THE WEEKND",1,768,0,31959571,1,1,3,0,0,A,2022-01-07
"Phir Aur Kya Chahiye (From Zara Hatke Zara Bachke)","ARIJIT SINGH, SACHINJIGAR, AMITABHA BHATTACHARYA",3,178,6,64533040,6,71,1,0,31,E,2023-05-15
"Piman De","SEMICENK, DOU",2,185,3,43522589,5,6,4,1,33,A#,2023-06-02
"Pink  White","FRANK OCEAN",1,21574,30,806397070,112,68,266,1,39,A,2016-08-20
"Pink Venom",BLACKPINK,1,1963,16,551305895,57,119,77,1,13,NULL,2022-08-19
Pipoco,"MELODY, ANA CASTELA, DJ CHRIS NO BEAT",3,1112,4,191873381,22,2,65,1,3,G#,2022-05-20
"Plan A","PAULO LONDRA",1,1105,0,240661097,32,0,19,0,0,NULL,2022-03-23
"PLAYA DEL INGL","MYKE TOWERS, QUEVEDO",2,1701,15,221409663,30,15,34,2,47,G,2022-12-15
Players,"COI LERAY",1,4096,6,335074782,118,48,143,0,240,F#,2022-11-30
Poland,"LIL YACHTY",1,1584,0,115331792,38,0,24,0,0,F,2022-06-23
"POLARIS  Remix","FEID, MORA, SAIKO, QUEVEDO",4,773,33,57312735,20,46,21,8,99,G#,2023-06-08
"Polaroid Love",ENHYPEN,1,461,0,211372494,10,56,17,0,0,G,2022-01-10
POP,NAYEON,1,571,0,213505179,19,21,14,0,2,D,2022-06-24
"Pope Is a Rockstar",SALES,1,1966,0,156658366,4,2,50,0,0,E,2016-04-20
"Por las Noches","PESO PLUMA",1,457,24,330346424,8,116,4,3,2,NULL,2021-06-11
positions,"ARIANA GRANDE",1,8207,0,1252563873,175,55,95,0,2,NULL,2020-10-23
"Potion (with Dua Lipa  Young Thug)","CALVIN HARRIS, DUA LIPA, YOUNG THUG",3,3983,0,190625045,73,45,119,0,0,B,2022-05-27
"Praise God","KANYE WEST",1,4651,0,376333030,24,6,105,0,0,C#,2021-08-29
PRC,"NATANAEL CANO, PESO PLUMA",2,961,26,436027885,19,143,10,6,15,G,2023-01-23
"Primera Cita","CARIN LEON",1,266,27,77309611,6,40,6,6,202,A#,2022-04-20
"Princess Diana (with Nicki Minaj)","NICKI MINAJ, ICE SPICE",2,1444,4,104992946,0,0,0,0,0,A,2023-04-14
"Private Landing (feat Justin Bieber  Future)","DON TOLIVER, FUTURE, JUSTIN BIEBER",3,1190,0,105062254,29,3,18,0,19,C#,2023-02-23
"Privileged Rappers","DRAKE, 21 SAVAGE",2,1007,0,112436403,6,5,3,0,0,F,2022-11-04
Problem,"ALVARO DIAZ, RAUW ALEJANDRO",2,1517,0,209768491,42,7,15,0,4,D,2021-10-22
Prohibidox,FEID,1,1473,12,185392587,25,36,25,1,0,C#,2022-09-13
PROVENZA,"KAROL G",1,6587,34,885093467,114,104,147,11,20,C#,2022-04-21
"psychofreak (feat WILLOW)","CAMILA CABELLO, WILLOW",2,918,0,75476209,24,0,52,0,0,G,2022-04-07
"PUFFIN ON ZOOTIEZ",FUTURE,1,2350,0,254218729,28,42,23,0,0,G#,2022-04-29
"PUNTO 40","BABY RASTA, RAUW ALEJANDRO",2,3006,12,304079786,54,32,66,2,0,NULL,2022-09-22
"Punto G",QUEVEDO,1,1985,35,381161027,34,26,37,5,1,B,2022-11-04
"Purple Hearts","KENDRICK LAMAR, GHOSTFACE KILLAH, SUMMER WALKER",3,2308,0,76831876,7,0,7,0,0,D#,2022-05-13
"pushin P (feat Young Thug)","YOUNG THUG, FUTURE, GUNNA",3,3517,0,311395144,54,28,43,0,0,C#,2022-01-07
"Pussy  Millions (feat Travis Scott)","DRAKE, TRAVIS SCOTT, 21 SAVAGE",3,1930,0,191333656,24,8,17,0,1,E,2022-11-04
"Que Vuelvas","CARIN LEON, GRUPO FRONTERA",2,763,26,2762,21,110,21,9,71,A#,2022-12-09
Queencard,GIDLE,1,451,33,96273746,10,126,7,0,148,E,2023-05-15
QUEMA,"SOG, RYAN CASTRO, PESO PLUMA",3,437,31,11599388,17,29,26,3,208,NULL,2023-07-13
Question?,"TAYLOR SWIFT",1,1608,0,223064273,10,3,12,0,0,G,2022-10-21
"Quevedo Bzrp Music Sessions Vol 52","BIZARRAP, QUEVEDO",2,8506,45,1356565093,94,65,164,14,176,D,2022-07-06
"Qu Ago","YURIDIA, ANGELA AGUILAR",2,660,15,236857112,19,59,18,5,52,B,2022-10-20
"Qu M","J BALVIN, MARIA BECERRA",2,8087,0,720825549,92,34,131,0,0,G#,2021-01-28
Radio,"LANA DEL REY",1,9389,46,284819874,24,122,282,3,368,D,2011-01-01
"Raindrops (Insane) with Travis Scott","TRAVIS SCOTT, METRO BOOMIN",2,880,0,110649992,3,7,10,0,0,G#,2022-12-02
RAPSTAR,"POLO G",1,4731,0,797402345,141,12,78,0,0,F#,2021-04-09
"Rara Vez","TAIU, MILO J",2,893,38,248088961,19,23,24,3,88,F,2023-02-08
"Rauw Alejandro Bzrp Music Sessions Vol 56","RAUW ALEJANDRO, BIZARRAP",2,871,32,66902503,25,59,32,5,88,B,2023-06-21
"Red Ruby Da Sleeze","NICKI MINAJ",1,1168,0,81419389,45,11,20,0,21,C#,2023-03-03
Reminder,"THE WEEKND",1,6518,17,684675814,45,85,238,1,47,G#,2016-11-25
"REMIX EXCLUSIVO",FEID,1,1235,9,117206995,20,8,15,0,6,F,2023-03-17
"Residente Bzrp Music Sessions Vol 49","RESIDENTE, BIZARRAP",2,461,0,94616487,7,11,13,0,0,C#,2022-03-03
Revenge,XXXTENTACION,1,3600,11,1022258230,7,0,203,0,2,B,2017-08-25
"Rich  Interlude","KENDRICK LAMAR",1,1103,0,41210087,0,0,0,0,0,G,2022-05-13
"Rich Flex","DRAKE, 21 SAVAGE",2,4657,18,573633020,84,84,42,0,23,B,2022-11-04
"Rich Spirit","KENDRICK LAMAR",1,3486,0,173702135,20,10,33,0,0,A#,2022-05-13
"Right On","LIL BABY",1,1116,0,101780047,31,9,15,0,1,D,2022-04-08
"Romantic Homicide",D4VD,1,2335,23,681583126,82,55,50,0,9,F#,2022-07-20
"Rosa Pastel","JASIEL NUEZ, PESO P",2,200,4,90025258,8,77,2,1,1,G,2023-02-02
RUMBAT,"DADDY YANKEE",1,1264,0,157990698,20,4,52,0,1,D#,2022-03-25
Rumble,"SKRILLEX, FLOWDAN, FRED AGAIN",3,2849,0,78489819,39,45,27,0,1,C#,2022-01-17
"Run BTS",BTS,1,736,0,330881149,5,132,17,0,3,G#,2022-06-10
"Run Rudolph Run  Single Version","CHUCK BERRY",1,8612,0,245350949,120,30,52,0,1,G,1958-01-01
"Running Up That Hill (A Deal With God)","KATE BUSH",1,21811,0,1024858327,117,1,676,3,0,A#,1985-09-16
Rush,"TROYE SIVAN",1,864,78,22581161,71,135,50,1,294,F,2023-07-13
SClass,"STRAY KIDS",1,290,19,65496046,9,101,5,0,73,F,2023-06-02
S91,"KAROL G",1,525,41,16011326,34,115,39,6,216,NULL,2023-07-14
"SABOR FRESA","FUERZA REGIDA",1,250,26,78300654,16,149,10,5,168,G,2023-06-22
"Sad Girlz Luv Money Remix (feat Kali Uchis)","KALI UCHIS, AMAARAE, MOLIY",3,3643,0,354065229,69,3,70,0,3,C#,2021-09-16
"Salimo de Noche","TRUENO, TIAGO PZK",2,1057,0,261414174,17,5,21,0,0,D,2021-10-21
"San Lucas","KEVIN KAARL",1,407,1,244891912,5,0,5,0,0,G,2019-11-07
Satellite,"HARRY STYLES",1,3291,5,311482393,43,28,79,0,208,NULL,2022-05-20
"Save Your Tears","THE WEEKND",1,12688,13,1591223784,197,115,112,0,200,NULL,2020-03-20
"Save Your Tears (with Ariana Grande) (Remix)","ARIANA GRANDE, THE WEEKND",2,9161,5,1221813483,240,98,468,3,10,NULL,2020-03-20
Savior,"KENDRICK LAMAR, SAM DEW, BABY KEEM",3,2291,0,86176890,9,0,8,0,0,G#,2022-05-13
"Savior  Interlude","KENDRICK LAMAR",1,1194,0,37091576,0,0,3,0,0,F,2022-05-13
"Say Yes To Heaven","LANA DEL REY",1,2000,46,127567540,49,105,63,1,0,F#,2023-03-17
"Se Le Ve","ARCANGEL, DE LA GHETTO, JUSTIN QUILES, LENNY TAVREZ, SECH, DALEX, DIMELO FLOW, RICH MUSIC",8,1560,0,223319934,72,0,0,0,0,G,2021-08-12
"Search  Rescue",DRAKE,1,2066,6,175097833,58,70,43,0,182,A#,2023-04-07
"See You Again","TYLER, THE CREATOR, KALI UCHIS",3,13387,64,1047101291,77,58,247,1,311,F#,2017-07-21
"Seek  Destroy",SZA,1,1007,0,98709329,5,31,1,0,0,C#,2022-12-09
"Self Love (SpiderMan Across the SpiderVerse) (Metro Boomin  Coi Leray)","METRO BOOMIN, COI LERAY",2,332,5,70106975,18,41,5,0,19,A,2023-06-02
Selfish,"PNB ROCK",1,2468,0,380319238,15,0,0,0,0,C#,2016-06-23
"Sem Aliana no","MC XENON, OS GEMEOS DA PUTARIA",2,454,4,93587665,6,1,21,0,1,C#,2022-12-23
"sentaDONA (Remix) s2","LUSA SONZA, MC FROG, DJ GABRIEL DO BOREL, DAVI K",4,870,0,176290831,32,0,49,0,0,D#,2022-03-17
"Set Me Free Pt2",JIMIN,1,340,13,168448603,4,71,16,1,9,NULL,2023-03-17
"Seu Brilho Sumiu  Ao Vivo","ISRAEL  RODOLFFO, MARI FERNANDEZ",2,967,5,138517666,7,29,51,1,29,F#,2023-03-01
"Seven (feat Latto) (Explicit Ver)","LATTO, JUNG KOOK",2,553,147,141381703,43,263,45,10,826,B,2023-07-14
"Sex Drugs Etc","BEACH WEATHER",1,3006,16,480507035,47,60,87,12,124,E,2016-11-04
"Shakira Bzrp Music Sessions Vol 53","SHAKIRA, BIZARRAP",2,5724,44,721975598,119,108,254,29,22,D,2023-01-11
"shes all i wanna be","TATE MCRAE",1,2711,0,343197054,105,12,51,0,12,D,2022-02-04
Shirt,SZA,1,3469,0,309653982,71,95,31,0,2,D#,2022-10-28
"Shoong (feat LISA of BLACKPINK)","TAEYANG, LISA",2,351,9,76910644,16,90,10,0,64,B,2023-04-25
"Shorty Party","CARTEL DE SANTA, LA KELLY",2,432,12,162887075,8,14,12,2,33,D,2023-03-04
"Shut Down",BLACKPINK,1,1524,17,482175240,53,120,62,0,2,NULL,2022-09-16
"Shut up My Moms Calling","HOTEL UGLY",1,1788,14,405136812,1,50,19,0,19,A,2020-02-10
"Shut up My Moms Calling  (Sped Up)","HOTEL UGLY",1,713,7,181831132,2,4,6,0,0,F,2022-09-14
"Si Quieren Frontear","DE LA GHETTO, DUKI, QUEVEDO",3,859,0,178512385,14,0,11,0,0,A#,2022-03-31
"Si Te La Encuentras Por Ah",FEID,1,1379,4,179061440,23,10,18,0,0,G#,2022-08-05
S,"ANUEL AA, MYKE TOWERS, JHAY CORTEZ",3,903,0,177129919,30,26,15,0,0,F#,2021-11-18
Sial,MAHALINI,1,134,4,166570053,4,6,0,0,23,D,2023-01-23
"Siempre Pendientes","PESO PLUMA, LUIS R CONRIQUEZ",2,685,5,295152154,15,79,4,2,0,NULL,2022-08-15
Sigue,"ED SHEERAN, J BALVIN",2,1370,0,106933107,46,8,60,0,0,G,1996-11-24
"Silent Hill","KENDRICK LAMAR, KODAK BLACK",2,3028,0,123216717,22,0,23,0,0,C#,2022-05-13
"Sin Se","OVY ON THE DRUMS, QUEVEDO",2,1097,2,209106362,18,10,13,1,1,B,2022-07-22
Sky,"PLAYBOI CARTI",1,3297,3,506778838,25,3,52,0,1,D,2020-12-25
"Sleigh Ride","THE RONETTES",1,10114,0,404664135,114,74,262,0,0,D,1963-11-22
SloMo,CHANEL,1,1211,0,65719930,31,0,19,0,2,C#,2021-12-24
"SLOW DANCING IN THE DARK",JOJI,1,10211,0,1122364376,38,79,65,0,1,D#,2018-09-12
"Slut Me Out","NLE CHOPPA",1,816,4,190490915,21,4,13,0,4,F#,2022-04-22
"Smokin Out The Window","BRUNO MARS, ANDERSON PAAK, SILK SONIC",3,4963,0,383550148,63,40,76,0,0,D,2021-11-05
"Smoking on my Ex Pack",SZA,1,811,0,57144458,6,11,3,0,0,G#,2022-12-09
SNAP,"ROSA LINN",1,3202,18,726307468,148,80,226,24,0,NULL,2022-03-19
Snooze,SZA,1,2839,25,399686758,58,156,42,1,236,F,2022-12-09
"Snow On The Beach (feat Lana Del Rey)","TAYLOR SWIFT, LANA DEL REY",2,2415,0,323437194,33,57,30,0,11,A,2022-10-21
"Snow On The Beach (feat More Lana Del Rey)","LANA DEL REY, TAYLOR SWIFT",2,359,2,60350538,1,0,9,0,0,F#,2023-05-26
"So Good",HALSEY,1,1057,0,91781263,51,14,19,0,0,D#,2022-06-09
Sobrio,MALUMA,1,3506,10,513643924,103,76,100,1,1,F,2021-07-08
Softcore,"THE NEIGHBOURHOOD",1,3947,12,599770206,33,102,93,0,30,D,2018-03-09
"Something in the Orange","ZACH BRYAN",1,3282,12,449701773,67,84,46,16,117,G,2022-04-22
"SORRY NOT SORRY","TYLER, THE CREATOR",2,709,0,58473276,8,1,13,0,0,F#,2023-03-31
SOS,SZA,1,827,0,73981293,6,18,1,0,0,G,2022-12-09
"Soy El Unico","YAHRITZA Y SU ESENCIA",1,226,0,126443991,5,0,4,0,1,E,2022-03-25
"SPACE MAN","SAM RYDER",1,1329,0,54682594,42,51,32,0,0,B,2022-02-22
Sparks,COLDPLAY,1,10826,4,624101957,24,0,805,0,0,C#,2000-07-10
Special,SZA,1,906,0,88092256,6,21,3,0,0,NULL,2022-12-09
"Spin Bout U","DRAKE, 21 SAVAGE",2,1652,2,198365537,26,52,10,0,95,G,2022-11-04
"SPIT IN MY FACE",THXSOMCH,1,629,14,303216294,32,3,9,0,0,G#,2022-10-31
Sprinter,"DAVE, CENTRAL CEE",2,2186,91,183706234,67,213,88,17,946,C#,2023-06-01
"Stand By Me (feat Morgan Wallen)","LIL DURK, MORGAN WALLEN",2,381,5,46065667,23,82,6,0,113,B,2023-05-26
"STAR WALKIN (League of Legends Worlds Anthem)","LIL NAS X",1,2616,0,332506354,113,17,208,0,192,D,2022-09-22
"Stargirl Interlude","THE WEEKND, LANA DEL REY",2,1275,32,611700552,13,8,5,0,1,F,2016-11-24
Starlight,DAVE,1,1856,3,229473310,29,40,31,1,1,G,2022-03-03
"Starry Eyes","THE WEEKND",1,1014,0,74601456,1,17,11,0,0,A,2022-01-07
Static,"STEVE LACY",1,1613,0,202452860,21,15,13,0,0,C#,2022-07-15
"Stay Alive (Prod SUGA of BTS)","JUNG KOOK",1,590,5,246376690,4,113,20,0,1,D,2022-02-11
"Stay With Me (with Justin Timberlake Halsey  Pharrell)","CALVIN HARRIS, HALSEY, PHARRELL WILLIAMS, JUSTIN TIMBERLAKE",4,3113,0,123473120,54,6,124,1,0,A,2022-07-15
"STAYING ALIVE (feat Drake  Lil Baby)","DRAKE, DJ KHALED, LIL BABY",3,2107,0,170732845,51,1,50,0,0,E,2022-08-05
"Stefania (Kalush Orchestra)",KALUSH,1,555,0,53729194,10,4,4,0,0,D,2022-03-10
Sticky,DRAKE,1,2814,0,191448892,38,105,25,0,2,A#,2022-06-17
"Still Dont Know My Name",LABRINTH,1,6332,0,563902868,47,116,266,0,0,F,2019-10-04
"Still Life",BIGBANG,1,181,0,53909146,16,14,7,0,0,G#,2022-04-05
"Still With You","JUNG KOOK",1,31,39,38411956,2,107,8,0,0,C#,2020-06-05
Streets,"DOJA CAT",1,5728,0,865640097,85,87,179,0,12,B,2019-11-07
Style,"TAYLOR SWIFT",1,7830,42,786181836,94,111,151,4,82,D,2014-01-01
"Sugar Rush Ride","TOMORROW X TOGETHER",1,359,0,107642809,12,56,13,0,13,A#,2023-01-27
Sunroof,"NICKY YOURE, DAZY",2,3741,17,652704649,156,35,110,19,0,A#,2021-12-03
Super,SEVENTEEN,1,271,12,91221625,16,103,9,0,55,G#,2023-04-24
"Super Freaky Girl","NICKI MINAJ",1,4827,0,428685680,104,17,76,9,2,D,2022-08-12
"Super Gremlin","KODAK BLACK",1,2551,0,342779426,52,15,35,0,1,D,2021-10-30
"Super Shy",NEWJEANS,1,422,55,58255150,37,202,21,5,168,F,2023-07-07
"Superhero (Heroes  Villains) with Future  Chris Brown","FUTURE, CHRIS BROWN, METRO BOOMIN",3,2959,16,401036314,41,69,38,0,36,F,2022-12-02
SUPERMODEL,MNE,1,2265,0,231657891,93,12,173,11,3,G,2022-05-13
"Sure Thing",MIGUEL,1,13801,19,950906471,137,125,435,6,285,B,2010-05-25
"Surface Pressure","JESSICA DARROW",1,1756,0,267758538,38,48,20,0,0,D,2021-11-19
"Sweet Nothing","TAYLOR SWIFT",1,1747,0,186104310,9,6,13,0,2,NULL,2022-10-21
"Sweetest Pie","DUA LIPA, MEGAN THEE STALLION",2,3501,0,299634472,69,2,51,11,0,G,2022-03-11
Swim,"CHASE ATLANTIC",1,2742,0,498960285,5,1,62,0,0,G#,2017-10-04
"Tacones Rojos","SEBASTIAN YATRA",1,3047,9,510876816,77,31,85,5,28,B,2021-10-22
"Tak Ingin Usai","KEISYA LEVRONKA",1,220,4,184807630,16,5,0,0,6,NULL,2022-05-13
"Tak Segampang Itu","ANGGI MARITO",1,213,6,179659294,7,6,0,0,48,F,2022-12-02
"Take My Breath","THE WEEKND",1,2597,0,130655803,17,80,38,0,0,A#,2021-08-06
"Take Two",BTS,1,674,47,118482347,20,106,25,4,78,G,2023-06-09
Talk,YEAT,1,920,0,148461629,10,1,8,0,0,E,2022-09-02
"Talk that Talk",TWICE,1,615,0,189476119,14,77,15,1,2,D#,2022-08-26
"Talking To The Moon","BRUNO MARS",1,7109,2,1062956628,5,0,862,0,0,C#,2010-10-04
Tarot,"BAD BUNNY, JHAY CORTEZ",2,2482,20,608228647,27,77,22,2,0,B,2022-05-06
Tattoo,LOREEN,1,2988,59,201660859,74,102,145,18,925,D#,2023-02-25
"Te Felicito","SHAKIRA, RAUW ALEJANDRO",2,4796,9,606361689,124,66,212,13,1,F,2022-04-21
"Tere Vaaste (From Zara Hatke Zara Bachke)","SACHINJIGAR, SHADAB FARIDI, ALTAMASH FARIDI, AMITABH BHATTACHARYA, VARUN JAIN",5,182,8,54225632,3,88,1,0,52,G,2023-05-22
"That That (prod  feat SUGA of BTS)","PSY, SUGA",2,802,0,212109195,16,81,23,0,0,E,2022-04-29
"Thats Hilarious","CHARLIE PUTH",1,686,2,146363130,11,6,12,0,15,F#,2022-04-08
"THATS WHAT I WANT","LIL NAS X",1,7963,0,920797189,173,7,298,0,4,C#,2021-09-17
"The Astronaut",JIN,1,481,9,203436468,10,100,15,1,27,F,2022-10-28
"The Business",TI,1,14311,0,1062345656,255,32,582,0,14,G#,2020-01-01
"The Christmas Song (Merry Christmas To You)  Remastered 1999","NAT KING COLE",1,11500,0,389771964,140,72,251,0,0,C#,1946-11-01
"The Color Violet","TORY LANEZ",1,2585,32,415932686,3,79,21,1,54,F#,2021-12-10
"The Family Madrigal","OLGA MEREDIZ, STEPHANIE BEATRIZ, ENCANTO  CAST",3,1150,0,184937148,20,38,12,0,0,C#,2021-11-19
"The Feels",TWICE,1,1150,0,345903614,20,99,44,0,2,A,2021-10-01
"The Great War","TAYLOR SWIFT",1,1274,0,181382590,1,6,11,0,0,F,2022-10-21
"The Heart Part 5","KENDRICK LAMAR",1,2939,0,71423324,29,0,30,0,0,G#,2022-05-08
"The Joker And The Queen (feat Taylor Swift)","ED SHEERAN, TAYLOR SWIFT",2,1430,0,146789379,46,1,34,0,0,NULL,2022-02-11
"THE LONELIEST",MNE,1,1585,5,225093344,78,65,328,1,198,D,2022-10-07
"The Motto","TISTO, AVA",2,9151,6,656013912,240,107,268,0,5,G,2021-11-04
"The Night We Met","LORD HURON",1,18515,35,1410088830,70,82,939,1,162,D,2015-02-02
"The Rumbling (TV Size)",SIM,1,254,0,71014967,0,4,23,0,0,G#,2022-01-10
"THE SHADE","REX ORANGE COUNTY",1,1189,6,244928911,17,10,16,0,4,F,2022-03-11
"Thinking with My Dick","KEVIN GATES, JUICY J",2,1550,0,109091573,0,0,14,0,0,NULL,2013-07-16
"Thinkin B","MORGAN WALLEN",1,604,6,125917280,22,101,0,0,66,D#,2023-03-03
"this is what falling in love feels like",JVKE,1,2005,0,346127840,16,5,43,0,7,B,2021-09-03
"This Love (Taylors Version)","TAYLOR SWIFT",1,1492,0,132171975,26,2,15,0,2,E,2022-05-06
"Those Eyes","NEW WEST",1,1507,14,411747614,24,71,44,1,195,E,2019-05-10
"thought i was playing","21 SAVAGE, GUNNA",2,807,0,60680939,3,0,5,0,0,C#,2022-01-07
"Thought You Should Know","MORGAN WALLEN",1,968,4,203221468,16,53,1,0,61,F#,2022-05-06
"Thousand Miles","THE KID LAROI",1,2050,0,244741137,52,9,46,0,1,G,2022-04-22
Thunder,"PREZIOSO, GABRY PONTE, LUMX",3,4846,10,422691058,54,16,259,0,13,C#,2021-05-07
T,"DENNIS, MC KEVIN O CHRIS",2,731,15,111947664,27,17,73,4,167,B,2023-05-04
"Tiago PZK Bzrp Music Sessions Vol 48","BIZARRAP, TIAGO PZK",2,1678,12,374191487,20,4,15,1,3,C#,2021-12-29
"Titi Me Pregunt","BAD BUNNY",1,9037,42,1264310836,124,133,139,14,166,F,2022-05-06
"TO THE MOON","JNR CHOI",1,2979,0,245095641,44,0,159,0,0,D,2021-11-05
"Todo De Ti","RAUW ALEJANDRO",1,11975,8,1168642797,188,75,268,6,16,D#,2020-11-02
"Toms Diner","ANNENMAYKANTEREIT, GIANT ROOKS",2,2605,0,236872197,15,48,50,0,3,F#,2019-06-28
"Too Late",SZA,1,714,0,49262961,0,9,2,0,0,B,2022-12-08
"Too Many Nights (feat Don Toliver  with Future)","FUTURE, METRO BOOMIN, DON TOLIVER",3,2110,58,286400165,17,119,19,2,266,G,2022-12-02
"Tormenta (feat Bad Bunny)","GORILLAZ, BAD BUNNY",2,1529,0,149778242,32,18,39,2,0,NULL,2023-02-24
TQG,"KAROL G, SHAKIRA",2,4284,49,618990393,115,123,184,18,354,E,2023-02-23
TQM,"FUERZA REGIDA",1,584,28,176553476,16,159,15,6,100,F,2023-05-19
"Trance (with Travis Scott  Young Thug)","TRAVIS SCOTT, YOUNG THUG, METRO BOOMIN",3,1682,46,276259178,24,90,30,1,176,C#,2022-12-02
"True Love","KANYE WEST, XXXTENTACION",2,2129,0,194902696,23,1,44,1,0,F,2022-05-27
TRUSTFALL,PNK,1,2098,16,134255790,88,24,101,7,451,G#,2023-01-27
"Tubaro Te","DJ LK DA ESCCIA, TCHAKABUM, MC JHENNY, M",4,1003,0,116144341,21,0,44,0,0,E,2022-09-28
TULUM,"PESO PLUMA, GRUPO FRONTERA",2,266,34,52294266,20,185,13,8,197,F#,2023-06-28
"TUS LGR","SECH, MORA",2,1308,2,184622518,23,16,9,0,5,C#,2022-04-01
TV,"BILLIE EILISH",1,3009,2,338564981,68,89,65,0,25,E,2022-07-21
"Typa Girl",BLACKPINK,1,452,10,235549288,2,129,13,0,1,G,2022-09-16
"ULTRA SOLO","POLIMA WESTCOAST, PAILITA",2,1367,0,307752576,48,4,34,1,0,C#,2022-02-14
"ULTRA SOLO REMIX","DE LA GHETTO, FEID, POLIMA WESTCOAST, PALOMA MAMI, PAILITA",5,2341,0,279717388,37,2,38,2,0,C#,2022-06-16
"Un Coco","BAD BUNNY",1,1029,28,403231558,5,28,9,0,0,B,2022-05-06
"Un Finde  CROSSOVER 2","BIG ONE, FMK, KE PERSONAJES",3,561,14,142095275,4,14,12,5,56,B,2023-04-04
"Un Ratito","BAD BUNNY",1,1112,6,417230415,7,30,13,1,1,NULL,2022-05-06
"Un Verano Sin Ti","BAD BUNNY",1,1004,1,283332261,8,12,9,0,0,F,2022-05-06
"un x100to","BAD BUNNY, GRUPO FRONTERA",2,2876,40,505671438,41,205,54,12,251,F#,2023-04-17
"Una Noche en Medell","CRIS MJ",1,5415,32,682475162,46,16,53,1,2,A#,2022-01-21
"Underneath the Tree","KELLY CLARKSON",1,6596,0,485285717,144,99,251,0,0,G#,2013-10-25
"UNFORGIVEN (feat Nile Rodgers)","NILE RODGERS, LE SSERAFIM",2,327,13,92035115,14,110,9,0,49,E,2023-05-01
"Unholy (feat Kim Petras)","SAM SMITH, KIM PETRAS",2,8576,42,1230675890,216,108,331,26,154,D,2022-09-22
"United In Grief","KENDRICK LAMAR",1,2575,0,156898322,4,5,12,0,51,G#,2022-05-13
"Until I Found You","STEPHEN SANCHEZ",1,4427,4,726434358,69,100,154,20,438,A#,2021-09-01
"Until I Found You (with Em Beihold)  Em Beihold Version","EM BEIHOLD, STEPHEN SANCHEZ",2,2790,30,600976848,60,96,71,0,115,A#,2022-04-22
"Used (feat Don Toliver)","SZA, DON TOLIVER",2,1042,0,94005786,7,29,3,0,0,A#,2022-12-08
VAGABUNDO,"SEBASTIAN YATRA, MANUEL TURIZO, BE",3,1094,34,90839753,40,58,47,8,203,B,2023-05-12
"Vai L Em Casa","MARLIA MENDONA, GEORGE HENRIQUE",2,772,0,263894529,7,3,89,0,0,G#,2021-10-22
vampire,"OLIVIA RODRIGO",1,1397,113,140003974,94,207,91,14,949,F,2023-06-30
Vampiro,"MATU, WIU,",3,540,4,187772591,26,3,39,0,0,G#,2022-01-30
"Vegas (From the Original Motion Picture Soundtrack ELVIS)","DOJA CAT",1,4576,0,448500832,79,13,93,0,17,G#,2022-05-06
"VIBE (feat Jimin of BTS)","TAEYANG, JIMIN",2,415,2,152850295,15,40,21,1,15,NULL,2023-01-13
"Vigilante Shit","TAYLOR SWIFT",1,1948,0,253650850,12,9,16,0,0,E,2022-10-21
"Villano Antillano Bzrp Music Sessions Vol 51","BIZARRAP, VILLANO ANTILLANO",2,1401,0,248511839,26,16,17,0,1,C#,2022-06-08
"Vista Al Mar",QUEVEDO,1,1769,34,362361576,16,19,21,3,4,NULL,2022-09-08
VOID,"MELANIE MARTINEZ",1,596,0,67070410,29,9,12,0,52,A,2023-03-29
"Volando  Remix","SECH, BAD BUNNY, MORA",3,3272,19,610045621,101,34,70,1,2,F#,2021-07-08
Volv,"AVENTURA, BAD BUNNY",2,5375,10,673801126,138,24,133,0,1,C#,2021-08-03
"Wait a Minute",WILLOW,1,11985,0,924193303,79,80,250,3,10,D#,2015-01-11
"WAIT FOR U (feat Drake  Tems)","DRAKE, FUTURE, TEMS",3,5491,14,556585270,128,84,75,0,35,C#,2022-04-27
WANDA,QUEVEDO,1,888,22,175399345,11,24,7,1,7,E,2023-01-20
"Watch This  ARIZONATEARS Pluggnb Remix","SPED UP NIGHTCORE, ARIZONATEARS, LIL UZI VERT",3,1638,10,207033255,0,0,21,0,0,B,2023-02-05
"Way 2 Sexy (with Future  Young Thug)","DRAKE, FUTURE, YOUNG THUG",3,5481,0,489945871,144,30,86,0,0,B,2021-09-03
"We Cry Together","KENDRICK LAMAR, TAYLOUR PAIGE",2,1635,0,68895644,4,1,6,0,0,B,2022-05-13
"we fell in love in october","GIRL IN RED",1,6858,0,723043854,31,21,15,0,4,G,2018-11-21
"What Else Can I Do?","STEPHANIE BEATRIZ, DIANE GUERRERO",2,802,0,154797871,13,27,8,0,0,E,2021-11-19
"What It Is (Solo Version)",DOECHII,1,804,25,95131998,29,76,24,0,162,C#,2023-03-17
"When I RIP",LABRINTH,1,2578,0,203680270,8,67,66,0,0,G#,2019-10-04
"When I Was Your Man","BRUNO MARS",1,2420,11,1661187319,0,0,806,0,0,NULL,2012-12-05
"When Im Gone (with Katy","KATY PERRY, ALESSO",2,3270,0,226897599,89,21,65,0,0,NULL,2021-12-29
"When Youre Gone","SHAWN MENDES",1,2092,0,255120451,75,11,44,0,14,F,2022-03-31
"Where Are You Now","LOST FREQUENCIES, CALUM SCOTT",2,10565,44,972509632,238,122,557,17,58,F#,2021-07-30
"Where Did You Go?","MNEK, JAX JONES",2,4531,0,300983101,135,74,119,1,18,A#,2022-01-26
"WHERE SHE GOES","BAD BUNNY",1,3133,50,303236322,84,133,87,15,425,A,2023-05-18
"White Christmas","BING CROSBY, JOHN SCOTT TROTTER  HIS ORCHESTRA, KEN DARBY SINGERS",3,11940,0,395591396,73,79,123,0,0,A,1942-01-01
"Wild Flower (with youjeen)",RM,1,353,2,135611421,2,74,14,0,2,G#,2022-12-02
"With you","HA SUNG WOON, JIMIN",2,343,2,240580042,4,35,11,1,1,D#,2022-04-24
"Wonderful Christmastime  Edited Version  Remastered 2011","PAUL MCCARTNEY",1,1685,0,403939487,1,0,29,0,0,B,1979-11-16
"Worldwide Steppers","KENDRICK LAMAR",1,1480,0,61739839,1,0,5,0,0,A#,2022-05-13
"Worst Day",FUTURE,1,910,0,50746620,20,3,24,0,0,C#,2022-02-11
"WORTH NOTHING","TWISTED, OLIVER TREE",2,1612,0,213438580,34,54,34,0,2,D,2022-09-28
"Wouldve Couldve Shouldve","TAYLOR SWIFT",1,1715,0,177503916,4,5,8,0,0,G,2022-10-21
"X LTIMA","DADDY YANKEE, BAD BUNNY",2,2697,1,349746291,55,3,32,0,0,G,2022-03-25
"X SI VOLVEMOS","KAROL G, ROMEO SANTOS",2,2127,33,266624541,45,80,53,8,4,C#,2023-02-02
"XQ Te Pones As","YANDEL, FEID",2,308,0,47093942,6,1,6,0,0,A#,2022-09-13
"Ya No Somos Ni Seremos","CHRISTIAN NODAL",1,866,16,319757142,27,84,32,7,11,G,2022-02-18
"Yandel 150","YANDEL, FEID",2,3618,38,585695368,47,74,80,14,194,F#,2022-12-20
"Yet To Come",BTS,1,829,0,302006641,32,110,26,0,0,C#,2022-06-10
"Yo No Soy Celoso","BAD BUNNY",1,1179,0,313113297,7,21,11,0,0,NULL,2022-05-06
"Yo Voy (feat Daddy Yankee)","ZION  LENNOX",1,2954,2,527033089,18,82,0,0,5,A#,2004-05-04
Yonaguni,"BAD BUNNY",1,9644,28,1260594497,120,86,164,4,0,C#,2021-06-04
"You Belong With Me (Taylors Version)","TAYLOR SWIFT",1,2619,12,350381515,47,90,1,0,7,F#,2021-04-09
"you broke me first","TATE MCRAE",1,6638,0,1180094974,167,19,318,0,1,E,2020-04-17
"You Make It Feel Like Christmas (feat Blake Shelton)","GWEN STEFANI, BLAKE SHELTON",2,2577,0,180577478,108,56,30,0,0,F,2005-09-20
"You Proof","MORGAN WALLEN",1,2128,9,367814306,37,88,9,0,14,A,2022-05-13
"You Right","DOJA CAT, THE WEEKND",2,5073,0,672656250,83,9,100,0,4,G#,2021-06-24
"Youre On Your Own Kid","TAYLOR SWIFT",1,2537,2,348647203,8,18,20,0,1,D,2022-10-21
"98 Braves","MORGAN WALLEN",1,282,0,56533272,6,15,0,0,0,D,2023-03-03
"Zona De Perigo","LEO SANTANA",1,531,4,134294498,20,1,71,2,0,F,2022-12-08
ZOOM,JESSI,1,608,0,136996305,5,29,14,0,0,F#,2022-04-13
